HDDSN,ENDDATE,STARTDATE,PROCID,MTYPE,MFGID,PFCODE,PFSUBCODE,HSATRIAL,HDDTRIAL,PARTID,PARTFLAG,ASMLINE,ASMTEAM,TESTERID,CELLID,TESTPGMVER,FAILEDHEAD,HDDCYCLE,RWKDISP,RWKDEPTH_MAX,RWKDEPTH_CUR,HSASN,DISKSETID,HDEPARTSETID,HDDPARTSETID,STORETS,DayDifference,TestTime
WJGAM7BL    ,2013-11-10 09:21:21,2013-11-09 11:46:29,6600,J1C2,TF655A    ,0000,00000000,M898,B828,10301040409191    15,   1  4,03,63,6594,000233,UR1C0KA ,00000000,2,  ,2,2,F20C1HK1    ,2,1,1,2013-11-10 13:54:03,1,21.581
WJGAM7GL    ,2013-11-10 07:08:07,2013-11-09 11:46:29,6600,J1C2,TF6B5A    ,0000,00000000,M898,B828,10301040409191    10,   0  0,03,63,6594,000146,UR1C0KA ,00000000,2,  ,2,2,F20DJK1T    ,2,1,1,2013-11-10 13:31:16,1,19.360
WJGAM7JL    ,2013-11-10 07:15:02,2013-11-09 11:46:29,6600,J1C2,TF655A    ,0000,00000000,M898,B828,10301040409191    10,   0  0,03,63,6594,000186,UR1C0KA ,00000000,2,  ,2,2,F20C1CXF    ,2,1,1,2013-11-10 13:31:15,1,19.476
WJGAM7KL    ,2013-11-10 07:53:10,2013-11-09 11:46:29,6600,J1C2,TF655A    ,0000,00000000,M898,B828,10301040409191    10,   0  0,03,63,6594,000131,UR1C0KA ,00000000,2,  ,2,2,F20BZB3E    ,2,1,1,2013-11-10 13:43:07,1,20.111
WJGAM7RL    ,2013-11-10 07:11:33,2013-11-09 11:46:29,6600,J1C2,TF655A    ,0000,00000000,M898,B828,10301040409191    10,   0  0,03,63,6594,000036,UR1C0KA ,00000000,2,  ,2,2,F20C15BN    ,2,1,1,2013-11-10 13:31:16,1,19.418
WJGAM7SL    ,2013-11-10 08:21:13,2013-11-09 11:46:29,6600,J1C2,TF655A    ,0000,00000000,M898,B828,10301040409191    10,   0  0,03,63,6594,000113,UR1C0KA ,00000000,2,  ,2,2,F20C1FJX    ,2,1,1,2013-11-10 13:45:16,1,20.579
WJGAM7TL    ,2013-11-10 06:53:20,2013-11-09 11:46:29,6600,J1C2,TF655A    ,0000,00000000,M898,B828,10301040409191    10,   0  0,03,63,6594,000137,UR1C0KA ,00000000,2,  ,2,2,F20BZM6W    ,2,1,1,2013-11-10 13:31:15,1,19.114
WJGAM7UL    ,2013-11-10 06:22:12,2013-11-09 11:46:29,6600,J1C2,TF6B5A    ,0000,00000000,M898,B828,10301040409191    10,   0  0,03,63,6594,000034,UR1C0KA ,00000000,2,  ,2,2,F20BZ52C    ,2,1,1,2013-11-10 07:11:39,1,18.595
WJGAM7VL    ,2013-11-10 08:04:48,2013-11-09 11:46:29,6600,J1C2,TF655A    ,0000,00000000,M898,B828,10301040409191    10,   0  0,03,63,6594,000026,UR1C0KA ,00000000,2,  ,2,2,F20C1GA8    ,2,1,1,2013-11-10 13:43:06,1,20.305
WJGAM7WL    ,2013-11-10 06:51:23,2013-11-09 11:46:29,6600,J1C2,TF655A    ,0000,00000000,M898,B828,10301040409191    10,   0  0,03,63,6594,000140,UR1C0KA ,00000000,2,  ,2,2,F20BZ61E    ,2,1,1,2013-11-10 13:31:15,1,19.081
WJGAM82L    ,2013-11-10 07:41:58,2013-11-09 11:46:29,6600,J1C2,TF655A    ,0000,00000000,M898,B828,10301040409191    10,   0  0,03,63,6594,000204,UR1C0KA ,00000000,2,  ,2,2,F20DHMJ2    ,2,1,1,2013-11-10 13:35:29,1,19.924
WJGAM83L    ,2013-11-10 07:17:31,2013-11-09 11:46:29,6600,J1C2,TF655A    ,0000,00000000,M898,B828,10301040409191    10,   0  0,03,63,6594,000108,UR1C0KA ,00000000,2,  ,2,2,F20C27P5    ,2,1,1,2013-11-10 13:35:29,1,19.517
WJGAM84L    ,2013-11-10 07:36:52,2013-11-09 11:46:29,6600,J1C2,TF655A    ,0000,00000000,M898,B828,10301040409191    10,   0  0,03,63,6594,000202,UR1C0KA ,00000000,2,  ,2,2,F20DHM9V    ,2,1,1,2013-11-10 13:35:29,1,19.839
WJGAM85L    ,2013-11-10 06:21:41,2013-11-09 11:46:29,6600,J1C2,TF655A    ,0000,00000000,M898,B828,10301040409191    10,   0  0,03,63,6594,000212,UR1C0KA ,00000000,2,  ,2,2,F20DGQT6    ,2,1,1,2013-11-10 07:11:37,1,18.586
WJGAM89L    ,2013-11-10 07:09:43,2013-11-09 11:46:29,6600,J1C2,TF655A    ,0000,00000000,M898,B828,10301040409191    10,   0  0,03,63,6594,000163,UR1C0KA ,00000000,2,  ,2,2,F20C27YM    ,2,1,1,2013-11-10 13:31:16,1,19.387
WJGAM8BL    ,2013-11-10 06:29:37,2013-11-09 11:46:29,6600,J1C2,TF655A    ,0000,00000000,M898,B828,10301040409191    10,   0  0,03,63,6594,000195,UR1C0KA ,00000000,2,  ,2,2,F20DHWGE    ,2,1,1,2013-11-10 07:11:38,1,18.719
WJGAM8EL    ,2013-11-10 07:16:54,2013-11-09 11:46:29,6600,J1C2,TF655A    ,0000,00000000,M898,B828,10301540409191    10,  10  8,03,63,6594,000161,UR1C0KA ,00000000,2,  ,2,2,F20CWXDF    ,2,1,1,2013-11-10 13:31:15,1,19.507
WJGAM8HL    ,2013-11-10 08:16:50,2013-11-09 11:46:29,6600,J1C2,TF655A    ,0000,00000000,M898,B828,10301540409191    10,  10  8,03,63,6594,000194,UR1C0KA ,00000000,2,  ,2,2,F20DCVZ5    ,2,1,1,2013-11-10 13:43:06,1,20.506
WJGAM8JL    ,2013-11-10 08:10:39,2013-11-09 11:46:29,6600,J1C2,TF655A    ,0000,00000000,M898,B828,10301540409191    10,  10  8,03,63,6594,000196,UR1C0KA ,00000000,2,  ,2,2,F20CWTA4    ,2,1,1,2013-11-10 13:43:05,1,20.402
WJGAM8NL    ,2013-11-10 07:42:19,2013-11-09 11:46:29,6600,J1C2,TF655A    ,0000,00000000,M898,B828,10301040409191    10,   0  0,03,63,6594,000139,UR1C0KA ,00000000,3,  ,2,2,F20DHAWK    ,2,1,1,2013-11-10 13:35:29,1,19.930
WJGAM8UL    ,2013-11-10 07:34:12,2013-11-09 11:46:29,6600,J1C2,TF655A    ,0000,00000000,M898,B828,10301540409191    10,  10  8,03,63,6594,000041,UR1C0KA ,00000000,2,  ,2,2,F20BHYPW    ,2,1,1,2013-11-10 13:35:30,1,19.795
WJGAM8VL    ,2013-11-10 07:44:46,2013-11-09 11:46:29,6600,J1C2,TF655A    ,0000,00000000,M898,B828,10301540409191    10,  10  8,03,63,6594,000124,UR1C0KA ,00000000,2,  ,2,2,F20BNPMF    ,2,1,1,2013-11-10 13:35:30,1,19.971
WJGAM8XL    ,2013-11-10 07:34:16,2013-11-09 11:46:29,6600,J1C2,TF655A    ,0000,00000000,M898,B828,10301540409191    10,  10  8,03,63,6594,000018,UR1C0KA ,00000000,2,  ,2,2,F20DJ6YQ    ,2,1,1,2013-11-10 13:35:29,1,19.796
WJGAMA1L    ,2013-11-10 07:34:49,2013-11-09 11:46:29,6600,J1C2,TF655A    ,0000,00000000,M898,B828,10301040409191    15,   1  4,03,63,6594,000235,UR1C0KA ,00000000,2,  ,2,2,F20DFDMS    ,2,1,1,2013-11-10 13:35:29,1,19.805
WJGAHVSL    ,2013-11-10 07:26:24,2013-11-09 11:46:29,6600,J1C2,TF655A    ,0000,00000000,M898,B828,103010A0A0D1D1    10,   0  0,05,63,6594,000193,UR1C0KA ,00000000,2,  ,2,2,F20E5ASD    ,2,1,1,2013-11-10 13:35:30,1,19.665
WJGAHVVL    ,2013-11-10 06:59:35,2013-11-09 11:46:29,6600,J1C2,TF655A    ,0000,00000000,M898,B828,103010A0A0D1D1    10,   0  0,05,63,6594,000179,UR1C0KA ,00000000,2,  ,2,2,F20C2D7E    ,2,1,1,2013-11-10 13:31:15,1,19.218
WJGAHX9L    ,2013-11-10 07:02:55,2013-11-09 11:46:29,6600,J1C2,TF655A    ,0000,00000000,M898,B828,103010A0A0D1D1    10,   0  0,05,63,6594,000171,UR1C0KA ,00000000,2,  ,2,2,F20C0AQ0    ,2,1,1,2013-11-10 13:31:16,1,19.274
WJGAJ2ZL    ,2013-11-10 07:41:21,2013-11-09 11:46:29,6600,J1C2,TF6B5A    ,0000,00000000,M898,B828,103010A0A0D1D1    10,   0  0,05,63,6594,000104,UR1C0KA ,00000000,2,  ,2,2,F20C2ACC    ,2,1,1,2013-11-10 13:35:29,1,19.914
WJGAJ80L    ,2013-11-10 07:40:27,2013-11-09 11:46:29,6600,J1C2,TF655A    ,0000,00000000,M898,B828,103010A0A0D1D1    10,   0  0,05,63,6594,000086,UR1C0KA ,00000000,2,  ,2,2,F20C2D1B    ,2,1,1,2013-11-10 13:35:29,1,19.899
WJGAJE1L    ,2013-11-10 07:12:30,2013-11-09 11:46:29,6600,J1C2,TF655A    ,0000,00000000,M898,B828,153010A0A0D1D1    10,  10  8,05,63,6594,000049,UR1C0KA ,00000000,2,  ,2,2,F20DESNQ    ,2,1,1,2013-11-10 13:31:16,1,19.433
WJGAJEUL    ,2013-11-10 09:00:43,2013-11-09 11:46:29,6600,J1C2,TF655A    ,0000,00000000,M898,B828,153010A0A0D1D1    10,  10  8,05,63,6594,000218,UR1C0KA ,00000000,2,  ,2,2,F20E5WJ7    ,2,1,1,2013-11-10 13:51:01,1,21.237
WJGAM5BL    ,2013-11-10 07:27:49,2013-11-09 11:46:29,6600,J1C2,TF655A    ,0000,00000000,M898,B828,10301040409191    10,   0  0,03,63,6594,000156,UR1C0KA ,00000000,2,  ,2,2,F20BZAJJ    ,2,1,1,2013-11-10 13:35:30,1,19.689
WJGAM63L    ,2013-11-10 06:32:15,2013-11-09 11:46:29,6600,J1C2,TF655A    ,0000,00000000,M898,B828,10301040409191    10,   0  0,03,63,6594,000123,UR1C0KA ,00000000,2,  ,2,2,F20BZG6E    ,2,1,1,2013-11-10 07:11:38,1,18.762
WJGAM64L    ,2013-11-10 08:20:12,2013-11-09 11:46:29,6600,J1C2,TF655A    ,0000,00000000,M898,B828,10301040409191    10,   0  0,03,63,6594,000177,UR1C0KA ,00000000,2,  ,2,2,F20BZMEG    ,2,1,1,2013-11-10 13:45:16,1,20.562
WJGAM65L    ,2013-11-10 07:09:14,2013-11-09 11:46:29,6600,J1C2,TF655A    ,0000,00000000,M898,B828,10301040409191    10,   0  0,03,63,6594,000115,UR1C0KA ,00000000,2,  ,2,2,F20BZCQW    ,2,1,1,2013-11-10 13:31:15,1,19.379
WJGAM66L    ,2013-11-10 07:19:58,2013-11-09 11:46:29,6600,J1C2,TF655A    ,0000,00000000,M898,B828,10301040409191    10,   0  0,03,63,6594,000154,UR1C0KA ,00000000,2,  ,2,2,F20BZ08K    ,2,1,1,2013-11-10 13:35:29,1,19.558
WJGAM6BL    ,2013-11-10 07:59:12,2013-11-09 11:46:29,6600,J1C2,TF655A    ,0000,00000000,M898,B828,10301040409191    10,   0  0,03,63,6594,000035,UR1C0KA ,00000000,2,  ,2,2,F20C1FPM    ,2,1,1,2013-11-10 13:43:06,1,20.212
WJGAM6DL    ,2013-11-10 07:11:45,2013-11-09 11:46:29,6600,J1C2,TF655A    ,0000,00000000,M898,B828,10301040409191    10,   0  0,03,63,6594,000201,UR1C0KA ,00000000,2,  ,2,2,F20C1G8F    ,2,1,1,2013-11-10 13:31:16,1,19.421
WJGAM6EL    ,2013-11-10 08:14:01,2013-11-09 11:46:29,6600,J1C2,TF655A    ,0000,00000000,M898,B828,10301040409191    10,   0  0,03,63,6594,000042,UR1C0KA ,00000000,2,  ,2,2,F20C197B    ,2,1,1,2013-11-10 13:43:06,1,20.459
WJGAM6GL    ,2013-11-10 08:03:01,2013-11-09 11:46:29,6600,J1C2,TF655A    ,0000,00000000,M898,B828,10301040409191    10,   0  0,03,63,6594,000220,UR1C0KA ,00000000,2,  ,2,2,F20BZMKD    ,2,1,1,2013-11-10 13:43:06,1,20.275
WJGAM6UL    ,2013-11-10 07:35:56,2013-11-09 11:46:29,6600,J1C2,TF655A    ,0000,00000000,M898,B828,10301040409191    10,   0  0,03,63,6594,000132,UR1C0KA ,00000000,2,  ,2,2,F20DHQD7    ,2,1,1,2013-11-10 13:35:30,1,19.824
WJGAM6VL    ,2013-11-10 07:20:35,2013-11-09 11:46:29,6600,J1C2,TF655A    ,0000,00000000,M898,B828,10301040409191    10,   0  0,03,63,6594,000130,UR1C0KA ,00000000,2,  ,2,2,F20DJGXY    ,2,1,1,2013-11-10 13:35:30,1,19.568
WJGAM6WL    ,2013-11-10 07:05:42,2013-11-09 11:46:29,6600,J1C2,TF655A    ,0000,00000000,M898,B828,10301040409191    10,   0  0,03,63,6594,000155,UR1C0KA ,00000000,2,  ,2,2,F20C09MG    ,2,1,1,2013-11-10 13:31:16,1,19.320
WJGAM6XL    ,2013-11-10 07:51:26,2013-11-09 11:46:29,6600,J1C2,TF655A    ,0000,00000000,M898,B828,10301040409191    10,   0  0,03,63,6594,000044,UR1C0KA ,00000000,2,  ,2,2,F20DGHY7    ,2,1,1,2013-11-10 13:43:06,1,20.082
WJGAM70L    ,2013-11-10 07:04:45,2013-11-09 11:46:29,6600,J1C2,TF655A    ,0000,00000000,M898,B828,10301040409191    10,   0  0,03,63,6594,000227,UR1C0KA ,00000000,2,  ,2,2,F20DHT19    ,2,1,1,2013-11-10 13:31:15,1,19.304
WJGAM71L    ,2013-11-10 07:49:30,2013-11-09 11:46:29,6600,J1C2,TF655A    ,0000,00000000,M898,B828,10301040409191    10,   0  0,03,63,6594,000203,UR1C0KA ,00000000,2,  ,2,2,F20DHR6Z    ,2,1,1,2013-11-10 13:43:07,1,20.050
WJGAM73L    ,2013-11-10 07:53:07,2013-11-09 11:46:29,6600,J1C2,TF655A    ,0000,00000000,M898,B828,10301040409191    10,   0  0,03,63,6594,000033,UR1C0KA ,00000000,2,  ,2,2,F20BZCZY    ,2,1,1,2013-11-10 13:43:06,1,20.110
WJGAM74L    ,2013-11-10 07:59:27,2013-11-09 11:46:29,6600,J1C2,TF655A    ,0000,00000000,M898,B828,10301040409191    10,   0  0,03,63,6594,000138,UR1C0KA ,00000000,2,  ,2,2,F20BZA3V    ,2,1,1,2013-11-10 13:43:05,1,20.216
WJGAMKJL    ,2013-11-10 07:48:08,2013-11-09 11:46:29,6600,J1C2,TF655A    ,0000,00000000,M898,B828,10301040409191    10,   0  0,03,63,6594,000028,UR1C0KA ,00000000,2,  ,2,2,F20BZYVA    ,2,1,1,2013-11-10 13:43:06,1,20.027
WJGAMKKL    ,2013-11-10 07:20:40,2013-11-09 11:46:29,6600,J1C2,TF655A    ,0000,00000000,M898,B828,10301040409191    10,   0  0,03,63,6594,000092,UR1C0KA ,00000000,2,  ,2,2,F20BZ7XY    ,2,1,1,2013-11-10 13:35:29,1,19.569
WJGAMKLL    ,2013-11-10 06:44:24,2013-11-09 11:46:29,6600,J1C2,TF655A    ,0000,00000000,M898,B828,10301040409191    10,   0  0,03,63,6594,000073,UR1C0KA ,00000000,2,  ,2,2,F20DJS9X    ,2,1,1,2013-11-10 07:11:37,1,18.965
WJGAMKWL    ,2013-11-10 07:33:22,2013-11-09 11:46:29,6600,J1C2,TF655A    ,0000,00000000,M898,B828,10301040409191    15,   1  4,03,63,6594,000158,UR1C0KA ,00000000,2,  ,2,2,F20C29YB    ,2,1,1,2013-11-10 13:35:29,1,19.781
WJGAML0L    ,2013-11-10 07:17:17,2013-11-09 11:46:29,6600,J1C2,TF655A    ,0000,00000000,M898,B828,10301040409191    10,   0  0,03,63,6594,000058,UR1C0KA ,00000000,2,  ,2,2,F20DJGGS    ,2,1,1,2013-11-10 13:35:29,1,19.513
WJGAML1L    ,2013-11-10 07:48:30,2013-11-09 11:46:29,6600,J1C2,TF655A    ,0000,00000000,M898,B828,10301040409191    10,   0  0,03,63,6594,000114,UR1C0KA ,00000000,2,  ,2,2,F20C28J3    ,2,1,1,2013-11-10 13:43:06,1,20.033
WJGAML5L    ,2013-11-10 07:39:47,2013-11-09 11:46:29,6600,J1C2,TF655A    ,0000,00000000,M898,B828,10301040409191    15,   1  4,03,63,6594,000167,UR1C0KA ,00000000,2,  ,2,2,F20DGQZL    ,2,1,1,2013-11-10 13:35:30,1,19.888
WJGAMLBL    ,2013-11-10 07:04:27,2013-11-09 11:46:29,6600,J1C2,TF655A    ,0000,00000000,M898,B828,10301040409191    10,   0  0,03,63,6594,000100,UR1C0KA ,00000000,2,  ,2,2,F20DJFVF    ,2,1,1,2013-11-10 13:31:16,1,19.299
WJGAMLLL    ,2013-11-10 07:18:11,2013-11-09 11:46:29,6600,J1C2,TF655A    ,0000,00000000,M898,B828,10301040409191    10,   0  0,03,63,6594,000122,UR1C0KA ,00000000,2,  ,2,2,F20C016X    ,2,1,1,2013-11-10 13:35:30,1,19.528
WJGAMLML    ,2013-11-10 07:35:41,2013-11-09 11:46:29,6600,J1C2,TF655A    ,0000,00000000,M898,B828,10301040409191    10,   0  0,03,63,6594,000027,UR1C0KA ,00000000,2,  ,2,2,F20C29VF    ,2,1,1,2013-11-10 13:35:29,1,19.820
WJGAMMKL    ,2013-11-10 07:28:46,2013-11-09 11:46:29,6600,J1C2,TF655A    ,0000,00000000,M898,B828,15301040409191    15,  11  C,03,63,6594,000174,UR1C0KA ,00000000,2,  ,2,2,F20C1G49    ,2,1,1,2013-11-10 13:35:30,1,19.704
WJGAMMRL    ,2013-11-10 08:43:50,2013-11-09 11:46:29,6600,J1C2,TF655A    ,0000,00000000,M898,B828,15301040409191    10,  10  8,03,63,6594,000017,UR1C0KA ,00000000,2,  ,2,2,F20BZM65    ,2,1,1,2013-11-10 13:45:16,1,20.956
WJGAMMYL    ,2013-11-10 08:37:52,2013-11-09 11:46:29,6600,J1C2,TF655A    ,0000,00000000,M898,B828,15301040409191    15,  11  C,03,63,6594,000206,UR1C0KA ,00000000,2,  ,2,2,F20BZN2H    ,2,1,1,2013-11-10 13:45:16,1,20.856
WJGAMN1L    ,2013-11-10 06:05:21,2013-11-09 11:46:29,6600,J1C2,TF6B5A    ,0000,00000000,M898,B828,15301040409191    15,  11  C,03,63,6594,000175,UR1C0KA ,00000000,2,  ,2,2,F20BZMA8    ,2,1,1,2013-11-10 06:44:38,1,18.314
WJGAMN7L    ,2013-11-10 08:14:45,2013-11-09 11:46:29,6600,J1C2,TF655A    ,0000,00000000,M898,B828,15301040409191    10,  10  8,03,63,6594,000002,UR1C0KA ,00000000,2,  ,2,2,F20C1H0Q    ,2,1,1,2013-11-10 13:43:06,1,20.471
WJGAMNGL    ,2013-11-10 06:58:20,2013-11-09 11:46:29,6600,J1C2,TF655A    ,0000,00000000,M898,B828,15301040409191    10,  10  8,03,63,6594,000099,UR1C0KA ,00000000,2,  ,2,2,F20DJS5N    ,2,1,1,2013-11-10 13:31:16,1,19.197
WJGAMNHL    ,2013-11-10 07:00:46,2013-11-09 11:46:29,6600,J1C2,TF655A    ,0000,00000000,M898,B828,15301040409191    15,  11  C,03,63,6594,000173,UR1C0KA ,00000000,2,  ,2,2,F20C1H9Q    ,2,1,1,2013-11-10 13:31:16,1,19.238
WJGAMNWL    ,2013-11-10 07:52:35,2013-11-09 11:46:29,6600,J1C2,TF655A    ,0000,00000000,M898,B828,15301040409191    10,  10  8,03,63,6594,000066,UR1C0KA ,00000000,2,  ,2,2,F20C1GZ4    ,2,1,1,2013-11-10 13:43:06,1,20.101
WJGAMTNL    ,2013-11-10 07:51:43,2013-11-09 11:46:29,6600,J1C2,TF655A    ,0000,00000000,M898,B828,10301040409191    15,   1  4,03,55,6594,000136,UR1C0KA ,00000000,2,  ,2,2,F20C281Y    ,2,1,1,2013-11-10 13:43:05,1,20.087
WJGAMXWL    ,2013-11-10 07:24:17,2013-11-09 11:46:29,6600,J1C2,TF655A    ,0000,00000000,M898,B828,103014A0A0D1A1    15,  11  C,03,55,6594,000127,UR1C0KA ,00000000,2,  ,2,2,F20DD9QJ    ,2,1,1,2013-11-10 13:35:29,1,19.630
WJGAN12L    ,2013-11-10 08:10:52,2013-11-09 11:46:29,6600,J1C2,TF655A    ,0000,00000000,M898,B828,10301040409191    15,   1  4,03,55,6594,000142,UR1C0KA ,00000000,2,  ,2,2,F20C1FWD    ,2,1,1,2013-11-10 13:43:07,1,20.406
WJGANBZL    ,2013-11-10 08:40:48,2013-11-09 11:46:29,6600,J1C2,TF655A    ,0000,00000000,M898,B828,103014A0A0D1A1    15,  11  C,03,55,6594,000144,UR1C0KA ,00000000,2,  ,2,2,F20BFG3E    ,2,1,1,2013-11-10 13:45:16,1,20.905
WJGANUSL    ,2013-11-10 06:58:24,2013-11-09 11:46:29,6600,J1C2,TF655A    ,0000,00000000,M898,B828,103014A0A0D1A1    15,  11  C,03,55,6594,000128,UR1C0KA ,00000000,2,  ,2,2,F20C29JY    ,2,1,1,2013-11-10 13:31:15,1,19.198
WJGANVPL    ,2013-11-10 08:02:32,2013-11-09 11:46:29,6600,J1C2,TF655A    ,0000,00000000,M898,B828,103014A0A0D1A1    15,  11  C,03,55,6594,000141,UR1C0KA ,00000000,2,  ,2,2,F20DGVL0    ,2,1,1,2013-11-10 13:43:05,1,20.267
WJGAMB2L    ,2013-11-10 07:15:18,2013-11-09 11:46:29,6600,J1C2,TF655A    ,0000,00000000,M898,B828,10301040409191    10,   0  0,03,63,6594,000116,UR1C0KA ,00000000,2,  ,2,2,F20DF7T0    ,2,1,1,2013-11-10 13:31:16,1,19.480
WJGAMB3L    ,2013-11-10 06:15:56,2013-11-09 11:46:29,6600,J1C2,TF6B5A    ,0000,00000000,M898,B828,10301040409191    10,   0  0,03,63,6594,000217,UR1C0KA ,00000000,2,  ,2,2,F20C26R9    ,2,1,1,2013-11-10 06:44:39,1,18.491
WJGAMB4L    ,2013-11-10 07:58:19,2013-11-09 11:46:29,6600,J1C2,TF655A    ,0000,00000000,M898,B828,10301040409191    10,   0  0,03,63,6594,000107,UR1C0KA ,00000000,2,  ,2,2,F20DHNQJ    ,2,1,1,2013-11-10 13:43:06,1,20.197
WJGAMB5L    ,2013-11-10 06:42:06,2013-11-09 11:46:29,6600,J1C2,TF655A    ,0000,00000000,M898,B828,10301040409191    10,   0  0,03,63,6594,000211,UR1C0KA ,00000000,2,  ,2,2,F20C2884    ,2,1,1,2013-11-10 07:11:37,1,18.927
WJGAMBJL    ,2013-11-10 07:48:53,2013-11-09 11:46:29,6600,J1C2,TF655A    ,0000,00000000,M898,B828,10301040409191    10,   0  0,03,63,6594,000180,UR1C0KA ,00000000,2,  ,2,2,F20C29KH    ,2,1,1,2013-11-10 13:43:06,1,20.040
WJGAMBKL    ,2013-11-10 07:03:45,2013-11-09 11:46:29,6600,J1C2,TF655A    ,0000,00000000,M898,B828,10301040409191    10,   0  0,03,63,6594,000004,UR1C0KA ,00000000,2,  ,2,2,F20C29AE    ,2,1,1,2013-11-10 13:31:16,1,19.288
WJGAMBLL    ,2013-11-10 08:32:30,2013-11-09 11:46:29,6600,J1C2,TF655A    ,0000,00000000,M898,B828,10301040409191    10,   0  0,03,63,6594,000147,UR1C0KA ,00000000,2,  ,2,2,F20DHMMV    ,2,1,1,2013-11-10 13:45:16,1,20.767
WJGAMBML    ,2013-11-10 07:22:58,2013-11-09 11:46:29,6600,J1C2,TF655A    ,0000,00000000,M898,B828,10301040409191    10,   0  0,03,63,6594,000145,UR1C0KA ,00000000,2,  ,2,2,F20DGJX5    ,2,1,1,2013-11-10 13:35:29,1,19.608
WJGAMBNL    ,2013-11-10 07:11:00,2013-11-09 11:46:29,6600,J1C2,TF655A    ,0000,00000000,M898,B828,10301040409191    10,   0  0,03,63,6594,000172,UR1C0KA ,00000000,2,  ,2,2,F20DHSX2    ,2,1,1,2013-11-10 13:31:15,1,19.408
WJGAMBPL    ,2013-11-10 09:15:56,2013-11-09 11:46:29,6600,J1C2,TF655A    ,0000,00000000,M898,B828,10301040409191    10,   0  0,03,63,6594,000001,UR1C0KA ,00000000,2,  ,2,2,F20C29KR    ,2,1,1,2013-11-10 13:51:01,1,21.491
WJGAMBRL    ,2013-11-10 07:23:08,2013-11-09 11:46:29,6600,J1C2,TF655A    ,0000,00000000,M898,B828,10301040409191    10,   0  0,03,63,6594,000169,UR1C0KA ,00000000,2,  ,2,2,F20BZCVQ    ,2,1,1,2013-11-10 13:35:29,1,19.611
WJGAMBTL    ,2013-11-10 07:49:31,2013-11-09 11:46:29,6600,J1C2,TF655A    ,0000,00000000,M898,B828,10301040409191    10,   0  0,03,63,6594,000178,UR1C0KA ,00000000,2,  ,2,2,F20DHG58    ,2,1,1,2013-11-10 13:43:07,1,20.050
WJGAMBUL    ,2013-11-10 07:34:02,2013-11-09 11:46:29,6600,J1C2,TF655A    ,0000,00000000,M898,B828,10301040409191    10,   0  0,03,63,6594,000121,UR1C0KA ,00000000,2,  ,2,2,F20C2751    ,2,1,1,2013-11-10 13:35:29,1,19.792
WJGAMBVL    ,2013-11-10 09:27:17,2013-11-09 11:46:29,6600,J1C2,TF655A    ,0000,00000001,M898,B828,10301040409191    10,   0  0,03,63,6594,000129,UR1C0KA ,00000000,2,  ,2,2,F20DG5M1    ,2,1,1,2013-11-10 13:54:03,1,21.680
WJGAMBXL    ,2013-11-10 07:42:16,2013-11-09 11:46:29,6600,J1C2,TF655A    ,0000,00000000,M898,B828,10301040409191    10,   0  0,03,63,6594,000210,UR1C0KA ,00000000,2,  ,2,2,F20C29XC    ,2,1,1,2013-11-10 13:35:30,1,19.929
WJGAMD1L    ,2013-11-10 07:17:26,2013-11-09 11:46:29,6600,J1C2,TF655A    ,0000,00000000,M898,B828,10301040409191    10,   0  0,03,63,6594,000185,UR1C0KA ,00000000,2,  ,2,2,F20C2A01    ,2,1,1,2013-11-10 13:35:30,1,19.516
WJGAMG3L    ,2013-11-10 06:55:45,2013-11-09 11:46:29,6600,J1C2,TF655A    ,0000,00000000,M898,B828,10301040409191    10,   0  0,03,63,6594,000098,UR1C0KA ,00000000,2,  ,2,2,F20DHAP5    ,2,1,1,2013-11-10 13:31:15,1,19.154
WJGAMGYL    ,2013-11-10 07:31:07,2013-11-09 11:46:29,6600,J1C2,TF655A    ,0000,00000000,M898,B828,10301040409191    10,   0  0,03,63,6594,000090,UR1C0KA ,00000000,2,  ,2,2,F20DHBSZ    ,2,1,1,2013-11-10 13:35:29,1,19.744
WJGAMH2L    ,2013-11-10 07:26:04,2013-11-09 11:46:29,6600,J1C2,TF655A    ,0000,00000000,M898,B828,103010A0A0D1D1    10,   0  0,03,63,6594,000012,UR1C0KA ,00000000,2,  ,2,2,F20C0GTQ    ,2,1,1,2013-11-10 13:35:29,1,19.659
WJGAMH3L    ,2013-11-10 08:11:02,2013-11-09 11:46:29,6600,J1C2,TF655A    ,0000,00000000,M898,B828,103010A0A0D1D1    10,   0  0,03,63,6594,000106,UR1C0KA ,00000000,2,  ,2,2,F20C2AYQ    ,2,1,1,2013-11-10 13:43:06,1,20.409
WJGAMK3L    ,2013-11-10 07:54:37,2013-11-09 11:46:29,6600,J1C2,TF655A    ,0000,00000000,M898,B828,10301040409191    10,   0  0,03,63,6594,000009,UR1C0KA ,00000000,2,  ,2,2,F20DJSDP    ,2,1,1,2013-11-10 13:43:06,1,20.135
WJGAMK5L    ,2013-11-10 07:11:19,2013-11-09 11:46:29,6600,J1C2,TF655A    ,0000,00000000,M898,B828,10301040409191    15,   1  4,03,63,6594,000157,UR1C0KA ,00000000,2,  ,2,2,F20BZMXP    ,2,1,1,2013-11-10 13:31:16,1,19.414
WJGAMK6L    ,2013-11-10 07:51:07,2013-11-09 11:46:29,6600,J1C2,TF655A    ,0000,00000000,M898,B828,10301040409191    10,   0  0,03,63,6594,000083,UR1C0KA ,00000000,2,  ,2,2,F20C01HJ    ,2,1,1,2013-11-10 13:43:06,1,20.077
WJGAMK7L    ,2013-11-10 06:25:51,2013-11-09 11:46:29,6600,J1C2,TF655A    ,0000,00000000,M898,B828,10301040409191    10,   0  0,03,63,6594,000060,UR1C0KA ,00000000,2,  ,2,2,F20BZJ8J    ,2,1,1,2013-11-10 07:11:38,1,18.656
WJG9N2DL    ,2013-11-10 07:59:15,2013-11-09 11:46:29,6600,J1C2,TF655A    ,0000,00000000,M898,B828,10301040409191    10,  10 19,03,65,6594,000008,UR1C0KA ,00000000,4,  ,6,2,F20BFCVN    ,2,2,2,2013-11-10 13:43:05,1,20.212
WJG9N3KL    ,2013-11-10 07:42:03,2013-11-09 11:46:29,6600,J1C2,TF655A    ,0000,00000000,M898,B828,10301440409191    10,  10  8,10,13,6594,000079,UR1C0KA ,00000000,4,  ,4,2,F20DBZTT    ,2,1,2,2013-11-10 13:35:30,1,19.926
WJG9N6EL    ,2013-11-10 07:35:44,2013-11-09 11:46:29,6600,J1C2,TF6B5A    ,0000,00000000,M898,B828,15301540409191    10,  10  8,03,04,6594,000007,UR1C0KA ,00000000,4,  ,4,2,A36QFR21    ,2,1,2,2013-11-10 13:35:29,1,19.821
WJG9N8WL    ,2013-11-10 06:50:28,2013-11-09 11:46:29,6600,J1C2,TF655A    ,0000,00000000,M898,B828,10301040409191    10,  10 19,03,63,6594,000164,UR1C0KA ,00000000,3,  ,6,2,F20BZT9H    ,2,2,2,2013-11-10 13:31:16,1,19.066
WJG9NDHL    ,2013-11-10 07:07:52,2013-11-09 11:46:29,6600,J1C2,TF655A    ,0000,00000000,M898,B828,103014A0A0A1D1    10,  10  8,03,48,6594,000082,UR1C0KA ,00000000,2,  ,2,2,F20DD3GK    ,2,1,1,2013-11-10 13:31:16,1,19.356
WJG9NGSL    ,2013-11-10 08:09:33,2013-11-09 11:46:29,6600,J1C2,TF655A    ,0000,00000000,M898,B828,10301040409191    15,   1  4,03,63,6594,000003,UR1C0KA ,00000000,2,  ,2,2,F20BZMJG    ,2,1,1,2013-11-10 13:43:07,1,20.384
WJG9NH4L    ,2013-11-10 07:54:06,2013-11-09 11:46:29,6600,J1C2,TF655A    ,0000,00000000,M898,B828,10301040409191    15,   1  4,03,63,6594,000160,UR1C0KA ,00000000,2,  ,2,2,F20BZML5    ,2,1,1,2013-11-10 13:43:06,1,20.127
WJG9NH8L    ,2013-11-10 07:13:21,2013-11-09 11:46:29,6600,J1C2,TF655A    ,0000,00000000,M898,B828,10301040409191    15,   1  4,03,63,6594,000236,UR1C0KA ,00000000,2,  ,2,2,F20DFCXG    ,2,1,1,2013-11-10 13:31:16,1,19.447
WJG9PWBL    ,2013-11-10 09:08:21,2013-11-09 11:46:29,6600,J1C2,TF6B5A    ,0000,00000000,M898,B828,10301440409191    10,  10  8,03,20,6594,000101,UR1C0KA ,00000000,4,  ,4,2,F20BRR71    ,2,1,2,2013-11-10 13:51:02,1,21.364
WJG9R2RL    ,2013-11-10 08:31:54,2013-11-09 11:46:29,6600,J1C2,TF655A    ,0000,00000000,M898,B828,103010A0A0D1D1    10,   0  0,03,20,6594,000103,UR1C0KA ,00000000,3,  ,2,2,F20DJS24    ,2,1,1,2013-11-10 13:45:16,1,20.757
WJG9R4YL    ,2013-11-10 06:50:56,2013-11-09 11:46:29,6600,J1C2,TF655A    ,0000,00000000,M898,B828,103010A0A0D1D1    10,   0  0,03,20,6594,000023,UR1C0KA ,00000000,3,  ,2,2,F20C25XZ    ,2,1,1,2013-11-10 13:31:15,1,19.074
WJG9R77L    ,2013-11-10 08:01:57,2013-11-09 11:46:29,6600,J1C2,TF655A    ,0000,00000000,M898,B828,10301040409191    10,   0  0,03,20,6594,000047,UR1C0KA ,00000000,3,  ,2,2,F20BEMY9    ,2,1,1,2013-11-10 13:43:06,1,20.258
WJGA1XYL    ,2013-11-10 09:03:18,2013-11-09 11:46:29,6600,J1C2,TF655A    ,0000,00000000,M898,B828,10301040409191    10,   0  0,03,20,6594,000094,UR1C0KA ,00000000,3,  ,6,2,F20BGLSS    ,2,1,1,2013-11-10 13:51:02,1,21.280
WJGA202L    ,2013-11-10 08:54:57,2013-11-09 11:46:29,6600,J1C2,TF6B5A    ,0000,00000000,M898,B828,10301440409191    10,  10  8,03,20,6594,000014,UR1C0KA ,00000000,3,  ,2,2,F20CGPTG    ,2,1,1,2013-11-10 13:51:01,1,21.141
WJGA23ML    ,2013-11-10 09:16:57,2013-11-09 11:46:29,6600,J1C2,TF6B5A    ,0000,00000000,M898,B828,10301040409191    10,   0  0,03,20,6594,000225,UR1C0KA ,00000000,3,  ,4,2,F20D1KM0    ,2,1,2,2013-11-10 13:51:02,1,21.508
WJGA273L    ,2013-11-10 07:30:55,2013-11-09 11:46:29,6600,J1C2,TF655A    ,0000,00000000,M898,B828,103014A0A0D1D1    10,  10  8,03,20,6594,000013,UR1C0KA ,00000000,3,  ,2,2,F20DHF3C    ,2,1,1,2013-11-10 13:35:30,1,19.740
WJGA287L    ,2013-11-10 07:27:11,2013-11-09 11:46:29,6600,J1C2,TF655A    ,0000,00000000,M898,B828,10301040409191    15,   1 15,03,63,6594,000199,UR1C0KA ,00000000,3,  ,6,2,F20E5BF9    ,2,2,2,2013-11-10 13:35:30,1,19.678
WJGA2EML    ,2013-11-10 06:58:17,2013-11-09 11:46:29,6600,J1C2,TF655A    ,0000,00000000,M898,B828,103010A0A0D1D1    15,   1  4,03,20,6594,000125,UR1C0KA ,00000000,3,  ,4,2,F20DJSRK    ,2,1,2,2013-11-10 13:31:16,1,19.196
WJGA2HYL    ,2013-11-10 07:02:34,2013-11-09 11:46:29,6600,J1C2,TF6B5A    ,0000,00000000,M898,B828,10301040409191    10,   0 11,03,63,6594,000010,UR1C0KA ,00000000,3,  ,6,2,F20BZMVW    ,2,2,2,2013-11-10 13:31:15,1,19.268
WJGA2TNL    ,2013-11-10 08:06:55,2013-11-09 11:46:29,6600,J1C2,TF6B5A    ,0000,00000000,M898,B828,103010A0A0D1D1    10,   0  0,03,20,6594,000048,UR1C0KA ,00000000,3,  ,2,2,F20DJRYD    ,2,1,1,2013-11-10 13:43:06,1,20.340
WJGA2XGL    ,2013-11-10 08:43:35,2013-11-09 11:46:29,6600,J1C2,TF655A    ,0000,00000000,M898,B828,10301040409191    15,   1 15,03,63,6594,000165,UR1C0KA ,00000000,3,  ,6,2,F20BZM9A    ,2,2,2,2013-11-10 13:45:16,1,20.951
WJGA36ZL    ,2013-11-10 09:42:42,2013-11-09 11:46:29,6600,J1C2,TF655A    ,0000,00000000,M898,B828,10301040409191    10,   0  0,03,20,6594,000232,UR1C0KA ,00000000,3,  ,2,2,F20DGYBN    ,2,1,1,2013-11-10 13:54:03,1,21.937
WJGA3EZL    ,2013-11-10 08:17:39,2013-11-09 11:46:29,6600,J1C2,TF6B5A    ,0000,00000000,M898,B828,103010A0A0D1D1    10,   0  0,03,20,6594,000120,UR1C0KA ,00000000,3,  ,2,2,F20C247Q    ,2,1,1,2013-11-10 13:45:16,1,20.519
WJGA3SML    ,2013-11-10 06:59:03,2013-11-09 11:46:29,6600,J1C2,TF655A    ,0000,00000000,M898,B828,103014A0A0D1D1    10,  10  8,03,20,6594,000029,UR1C0KA ,00000000,3,  ,2,2,F20DDQC2    ,2,1,1,2013-11-10 13:31:15,1,19.209
WJG1A8XL    ,2013-11-10 07:35:36,2013-11-09 11:46:29,6600,J1C2,TF655A    ,0000,00000000,M898,B828,10301040409191    15,   1 15,10,28,6594,000054,UR1C0KA ,00000000,5,  ,6,2,A35QG42L    ,2,2,1,2013-11-10 13:35:30,1,19.818
WJG1ADXL    ,2013-11-10 07:33:20,2013-11-09 11:46:29,6600,J1C2,TF655A    ,0000,00000000,M898,B828,10301040409191    10,   0 11,04,65,6594,000064,UR1C0KA ,00000000,5,  ,6,2,F20CFRSV    ,2,2,3,2013-11-10 13:35:30,1,19.781
WJG2VM8L    ,2013-11-10 07:10:38,2013-11-09 11:46:29,6600,J1C2,TF6B5A    ,0000,00000000,M898,B828,10301040409191    10,   0  0,10,63,6594,000071,UR1C0KA ,00000000,4,  ,4,2,F20AR52H    ,2,1,2,2013-11-10 13:31:16,1,19.402
WJG2VPDL    ,2013-11-10 06:42:43,2013-11-09 11:46:29,6600,J1C2,TF655A    ,0000,00000000,M898,B828,10301040409191    10,   0  0,10,63,6594,000069,UR1C0KA ,00000000,4,  ,4,2,F20BD6QE    ,2,1,2,2013-11-10 07:11:38,1,18.937
WJG2VR8L    ,2013-11-10 07:07:56,2013-11-09 11:46:29,6600,J1C2,TF655A    ,0000,00000000,M898,B828,10301040409191    10,   0  0,10,63,6594,000062,UR1C0KA ,00000000,3,  ,2,2,F20B9XRW    ,2,1,1,2013-11-10 13:31:15,1,19.357
WJG2VWJL    ,2013-11-10 06:42:07,2013-11-09 11:46:29,6600,J1C2,TF655A    ,0000,00000000,M898,B828,10301440409191    15,  11  C,05,23,6594,000072,UR1C0KA ,00000000,4,  ,2,2,A36LCVT1    ,2,1,1,2013-11-10 07:11:38,1,18.927
WJG2VWZL    ,2013-11-10 06:32:29,2013-11-09 11:46:29,6600,J1C2,TF655A    ,0000,00000000,M898,B828,10301440409191    10,  10  8,05,23,6594,000061,UR1C0KA ,00000000,4,  ,4,2,A35PLVNF    ,2,1,2,2013-11-10 07:11:38,1,18.766
WJG2VXHL    ,2013-11-10 07:45:31,2013-11-09 11:46:29,6600,J1C2,TF655A    ,0000,00000000,M898,B828,10301440409191    10,  10  8,05,23,6594,000063,UR1C0KA ,00000000,4,  ,2,2,F20CLTKV    ,2,1,1,2013-11-10 13:35:30,1,19.984
WJG2VYKL    ,2013-11-10 07:28:37,2013-11-09 11:46:29,6600,J1C2,TF655A    ,0000,00000000,M898,B828,10301040409191    10,   0  0,05,23,6594,000056,UR1C0KA ,00000000,4,  ,4,2,F20CKAZW    ,2,1,2,2013-11-10 13:35:30,1,19.702
WJG6BS1L    ,2013-11-10 06:53:13,2013-11-09 11:46:29,6600,J1C2,TF655A    ,0000,00000000,M898,B828,10301040409191    10,  10 19,03,63,6594,000162,UR1C0KA ,00000000,4,  ,6,2,F20C29NG    ,2,2,3,2013-11-10 13:31:16,1,19.112
WJG7LL8L    ,2013-11-10 07:14:48,2013-11-09 11:46:29,6600,J1C2,TF655A    ,0000,00000000,M898,B828,10301440409191    10,  10  8,05,65,6594,000025,UR1C0KA ,00000000,4,  ,4,2,A34YPTC2    ,2,1,3,2013-11-10 13:31:16,1,19.472
WJG7UXEL    ,2013-11-10 08:32:16,2013-11-09 11:46:29,6600,J1C2,TF655A    ,0000,00000000,M898,B828,10301040409191    10,   0  0,04,28,6594,000228,UR1C0KA ,00000000,4,  ,4,2,F20D41AF    ,2,1,3,2013-11-10 13:45:16,1,20.763
WJG8UJYL    ,2013-11-10 06:32:26,2013-11-09 11:46:29,6600,J1C2,TF655A    ,0000,00000000,M898,B828,10301040409191    10,  10 19,03,63,6594,000051,UR1C0KA ,00000000,5,  ,6,2,F20DHWKL    ,2,2,3,2013-11-10 07:11:38,1,18.766
WJG92RBL    ,2013-11-10 06:53:22,2013-11-09 11:46:29,6600,J1C2,TF655A    ,0000,00000000,M898,B828,10301040409191    10,   0  0,09,55,6594,000226,UR1C0KA ,00000000,4,  ,6,2,F20DC8YC    ,2,1,3,2013-11-10 13:31:15,1,19.114
WJG95M0L    ,2013-11-10 07:40:22,2013-11-09 11:46:29,6600,J1C2,TF655A    ,0000,00000000,M898,B828,10301040409191    10,  10 19,03,63,6594,000020,UR1C0KA ,00000000,5,  ,6,2,F20C16FA    ,2,2,3,2013-11-10 13:35:30,1,19.898
WJG96WEL    ,2013-11-10 06:14:10,2013-11-09 11:46:29,6600,J1C2,TF655A    ,0000,00000000,M898,B828,10301040409191    10,  10 19,03,63,6594,000153,UR1C0KA ,00000000,5,  ,6,2,F20C1AC7    ,2,2,3,2013-11-10 06:44:38,1,18.461
WJG97DSL    ,2013-11-10 07:26:14,2013-11-09 11:46:29,6600,J1C2,TF655A    ,0000,00000000,M898,B828,10301040409191    10,  10 19,03,63,6594,000059,UR1C0KA ,00000000,5,  ,6,2,F20BZGPD    ,2,3,4,2013-11-10 13:35:30,1,19.662
WJG97RGL    ,2013-11-10 07:17:19,2013-11-09 11:46:29,6600,J1C2,TF655A    ,0000,00000000,M898,B828,103010A0A0D1D1    10,   0 11,03,65,6594,000209,UR1C0KA ,00000000,4,  ,6,2,F20C31Y6    ,2,2,3,2013-11-10 13:35:29,1,19.514
WJG97W0L    ,2013-11-10 07:17:58,2013-11-09 11:46:29,6600,J1C2,TF655A    ,0000,00000000,M898,B828,10301540409191    10,  10  8,03,20,6594,000219,UR1C0KA ,00000000,3,  ,4,2,F20C9P2G    ,2,1,2,2013-11-10 13:35:30,1,19.524
WJG97W1L    ,2013-11-10 08:08:06,2013-11-09 11:46:29,6600,J1C2,TF655A    ,0000,00000000,M898,B828,10301040409191    10,  10 19,03,63,6594,000105,UR1C0KA ,00000000,3,  ,6,2,F20C295D    ,2,2,2,2013-11-10 13:43:06,1,20.360
WJG97WPL    ,2013-11-10 07:37:22,2013-11-09 11:46:29,6600,J1C2,TF655A    ,0000,00000000,M898,B828,10301440409191    10,  10  8,03,13,6594,000050,UR1C0KA ,00000000,3,  ,4,2,F20BSD4V    ,2,1,2,2013-11-10 13:35:29,1,19.848
WJG9HZWL    ,2013-11-10 08:04:56,2013-11-09 11:46:29,6600,J1C2,TF655A    ,0000,00000000,M898,B828,10301040409191    10,  10 19,03,63,6594,000019,UR1C0KA ,00000000,5,  ,6,2,F20BZMZQ    ,2,2,3,2013-11-10 13:43:07,1,20.307
WJG9J08L    ,2013-11-10 07:34:41,2013-11-09 11:46:29,6600,J1C2,TF655A    ,0000,00000000,M898,B828,10301040409191    10,  10 19,03,63,6594,000188,UR1C0KA ,00000000,4,  ,6,2,F20DGH87    ,2,2,3,2013-11-10 13:35:29,1,19.803
WJG9J24L    ,2013-11-10 07:13:34,2013-11-09 11:46:29,6600,J1C2,TF655A    ,0000,00000000,M898,B828,10301440409191    10,  10  8,10,13,6594,000187,UR1C0KA ,00000000,3,  ,4,2,F20BQF6B    ,2,1,2,2013-11-10 13:31:16,1,19.451
WJGA6YDL    ,2013-11-10 07:41:56,2013-11-09 11:46:29,6600,J1C2,TF655A    ,0000,00000000,M898,B828,10301540409191    10,  10  8,03,63,6594,000197,UR1C0KA ,00000000,2,  ,2,2,F20DBEC0    ,2,1,1,2013-11-10 13:35:30,1,19.924
WJGA6YGL    ,2013-11-10 08:30:38,2013-11-09 11:46:29,6600,J1C2,TF655A    ,0000,00000000,M898,B828,103015A0A0D1D1    10,  10  8,03,63,6594,000190,UR1C0KA ,00000000,2,  ,2,2,F20BZE4Z    ,2,1,1,2013-11-10 13:45:16,1,20.736
WJGA6YHL    ,2013-11-10 07:24:18,2013-11-09 11:46:29,6600,J1C2,TF655A    ,0000,00000000,M898,B828,103015A0A0D1D1    10,  10  8,03,63,6594,000183,UR1C0KA ,00000000,2,  ,2,2,F20BRTC9    ,2,1,1,2013-11-10 13:35:29,1,19.630
WJGA70YL    ,2013-11-10 06:29:17,2013-11-09 11:46:29,6600,J1C2,TF655A    ,0000,00000000,M898,B828,10301040409191    15,   1  4,03,63,6594,000143,UR1C0KA ,00000000,2,  ,2,2,F20C1HN8    ,2,1,1,2013-11-10 07:11:37,1,18.713
WJGA71PL    ,2013-11-10 07:04:25,2013-11-09 11:46:29,6600,J1C2,TF655A    ,0000,00000000,M898,B828,103015A0A0D1D1    15,  11  C,03,63,6594,000151,UR1C0KA ,00000000,2,  ,2,2,F20BZ7S1    ,2,1,1,2013-11-10 13:31:16,1,19.299
WJGA71RL    ,2013-11-10 07:32:34,2013-11-09 11:46:29,6600,J1C2,TF655A    ,0000,00000000,M898,B828,10301540409191    15,  11  C,03,63,6594,000150,UR1C0KA ,00000000,2,  ,2,2,F20DED3A    ,2,1,1,2013-11-10 13:35:29,1,19.768
WJGA729L    ,2013-11-10 08:16:31,2013-11-09 11:46:29,6600,J1C2,TF655A    ,0000,00000000,M898,B828,10301040409191    10,   0  0,03,63,6594,000198,UR1C0KA ,00000000,2,  ,2,2,F20C290Z    ,2,1,1,2013-11-10 13:43:06,1,20.500
WJGA72JL    ,2013-11-10 08:53:55,2013-11-09 11:46:29,6600,J1C2,TF655A    ,0000,00000000,M898,B828,10301040409191    15,   1  4,03,63,6594,000216,UR1C0KA ,00000000,2,  ,2,2,F20C06Y5    ,2,1,1,2013-11-10 13:51:01,1,21.124
WJGA72PL    ,2013-11-10 07:06:20,2013-11-09 11:46:29,6600,J1C2,TF655A    ,0000,00000000,M898,B828,10301040409191    15,   1  4,03,63,6594,000149,UR1C0KA ,00000000,2,  ,2,2,F20C29B7    ,2,1,1,2013-11-10 13:31:16,1,19.331
WJGA72VL    ,2013-11-10 07:00:25,2013-11-09 11:46:29,6600,J1C2,TF655A    ,0000,00000000,M898,B828,10301040409191    15,   1  4,03,63,6594,000152,UR1C0KA ,00000000,2,  ,2,2,F20C278G    ,2,1,1,2013-11-10 13:31:15,1,19.232
WJGA72ZL    ,2013-11-10 07:35:17,2013-11-09 11:46:29,6600,J1C2,TF655A    ,0000,00000000,M898,B828,10301040409191    10,   0  0,03,63,6594,000181,UR1C0KA ,00000000,2,  ,2,2,F20C2A56    ,2,1,1,2013-11-10 13:35:30,1,19.813
WJGA731L    ,2013-11-10 07:27:31,2013-11-09 11:46:29,6600,J1C2,TF655A    ,0000,00000000,M898,B828,10301040409191    10,   0  0,03,63,6594,000191,UR1C0KA ,00000000,2,  ,2,2,F20BZP18    ,2,1,1,2013-11-10 13:35:29,1,19.684
WJGA732L    ,2013-11-10 07:31:27,2013-11-09 11:46:29,6600,J1C2,TF655A    ,0000,00000000,M898,B828,10301040409191    10,   0  0,03,63,6594,000192,UR1C0KA ,00000000,2,  ,2,2,F20BZVL0    ,2,1,1,2013-11-10 13:35:29,1,19.749
WJGA740L    ,2013-11-10 08:52:12,2013-11-09 11:46:29,6600,J1C2,TF655A    ,0000,00000000,M898,B828,10301540409191    15,  11  C,03,63,6594,000214,UR1C0KA ,00000000,2,  ,2,2,A36QFQJ9    ,2,1,1,2013-11-10 13:51:02,1,21.095
WJGA77WL    ,2013-11-10 09:25:45,2013-11-09 11:46:29,6600,J1C2,TF655A    ,0000,00000000,M898,B828,103010A0A0D1D1    10,   0  0,03,20,6594,000224,UR1C0KA ,00000000,3,  ,2,2,F20C2864    ,2,1,1,2013-11-10 13:54:03,1,21.654
WJGA78ZL    ,2013-11-10 07:05:36,2013-11-09 11:46:29,6600,J1C2,TF655A    ,0000,00000000,M898,B828,10301040409191    10,   0  0,03,20,6594,000078,UR1C0KA ,00000000,3,  ,2,2,F20C27DQ    ,2,1,1,2013-11-10 13:31:16,1,19.318
WJGA7JVL    ,2013-11-10 07:58:33,2013-11-09 11:46:29,6600,J1C2,TF655A    ,0000,00000000,M898,B828,10301040409191    15,   1  4,03,20,6594,000215,UR1C0KA ,00000000,3,  ,4,2,F20DCVL9    ,2,1,2,2013-11-10 13:43:06,1,20.201
WJGA7LWL    ,2013-11-10 06:28:32,2013-11-09 11:46:29,6600,J1C2,TF655A    ,0000,00000000,M898,B828,10301040409191    10,   0  0,03,20,6594,000043,UR1C0KA ,00000000,3,  ,4,2,F20C07D5    ,2,1,2,2013-11-10 07:11:38,1,18.701
WJGA7TML    ,2013-11-10 08:07:42,2013-11-09 11:46:29,6600,J1C2,TF655A    ,0000,00000000,M898,B828,10301040409191    15,   1 15,03,63,6594,000182,UR1C0KA ,00000000,3,  ,6,2,F20C1HBJ    ,2,2,1,2013-11-10 13:43:05,1,20.353
WJGA85DL    ,2013-11-10 05:46:58,2013-11-09 11:46:29,6600,J1C2,TF6B5A    ,0000,00000000,M898,B828,10301040409191    10,   0  0,03,20,6594,000046,UR1C0KA ,00000000,3,  ,2,2,F20E64FS    ,2,1,1,2013-11-10 06:44:38,1,18.008
WJGAHSUL    ,2013-11-10 08:46:38,2013-11-09 11:46:29,6600,J1C2,TF655A    ,0000,00000000,M898,B828,103010A0A0D1D1    10,   0  0,05,63,6594,000231,UR1C0KA ,00000000,3,  ,2,2,F20BZDY3    ,2,1,1,2013-11-10 13:45:16,1,21.002
WJGAHT8L    ,2013-11-10 07:20:09,2013-11-09 11:46:29,6600,J1C2,TF655A    ,0000,00000000,M898,B828,103010A0A0D1D1    10,   0  0,05,63,6594,000170,UR1C0KA ,00000000,2,  ,2,2,F20E5XT5    ,2,1,1,2013-11-10 13:35:30,1,19.561
WJGAHT9L    ,2013-11-10 06:56:51,2013-11-09 11:46:29,6600,J1C2,TF655A    ,0000,00000000,M898,B828,103010A0A0D1D1    10,   0  0,05,63,6594,000148,UR1C0KA ,00000000,2,  ,2,2,F20BZQ9G    ,2,1,1,2013-11-10 13:31:15,1,19.172
WJGAHVJL    ,2013-11-10 07:40:09,2013-11-09 11:46:29,6600,J1C2,TF655A    ,0000,00000000,M898,B828,103010A0A0D1D1    10,   0  0,05,63,6594,000096,UR1C0KA ,00000000,2,  ,2,2,F20BZE7J    ,2,1,1,2013-11-10 13:35:29,1,19.894
WJGA65YL    ,2013-11-10 07:40:03,2013-11-09 11:46:29,6600,J1C2,TF655A    ,0000,00000000,M898,B828,10301040409191    15,   1  4,03,20,6594,000112,UR1C0KA ,00000000,2,  ,2,2,F20DJF28    ,2,1,1,2013-11-10 13:35:30,1,19.892
WJGA6PWL    ,2013-11-10 08:34:46,2013-11-09 11:46:29,6600,J1C2,TF655A    ,0000,00000000,M898,B828,10301040409191    10,   0  0,03,20,6594,000238,UR1C0KA ,00000000,3,  ,2,2,F20C0Y07    ,2,1,1,2013-11-10 13:45:16,1,20.804
WJGA6TVL    ,2013-11-10 07:02:58,2013-11-09 11:46:29,6600,J1C2,TF655A    ,0000,00000000,M898,B828,10301040409191    10,   0  0,03,63,6594,000067,UR1C0KA ,00000000,2,  ,2,2,F20BZM6T    ,2,1,1,2013-11-10 13:31:15,1,19.274
WJGA6U1L    ,2013-11-10 08:04:15,2013-11-09 11:46:29,6600,J1C2,TF655A    ,0000,00000000,M898,B828,103010A0A0D1D1    10,   0  0,03,63,6594,000065,UR1C0KA ,00000000,2,  ,2,2,F20C0HP2    ,2,1,1,2013-11-10 13:43:07,1,20.296
WJGA6U2L    ,2013-11-10 06:14:10,2013-11-09 11:46:29,6600,J1C2,TF655A    ,0000,00000000,M898,B828,10301040409191    10,   0  0,03,63,6594,000097,UR1C0KA ,00000000,3,  ,2,2,F20C07VZ    ,2,1,1,2013-11-10 06:44:38,1,18.461
WJGA6U4L    ,2013-11-10 07:42:47,2013-11-09 11:46:29,6600,J1C2,TF655A    ,0000,00000000,M898,B828,103010A0A0D1D1    10,   0  0,03,63,6594,000068,UR1C0KA ,00000000,2,  ,2,2,F20DG9W3    ,2,1,1,2013-11-10 13:35:29,1,19.938
WJGA6U6L    ,2013-11-10 07:27:26,2013-11-09 11:46:29,6600,J1C2,TF655A    ,0000,00000000,M898,B828,103010A0A0D1D1    10,   0  0,03,63,6594,000081,UR1C0KA ,00000000,2,  ,2,2,F20C0CVN    ,2,1,1,2013-11-10 13:35:30,1,19.682
WJGA6U9L    ,2013-11-10 07:50:50,2013-11-09 11:46:29,6600,J1C2,TF655A    ,0000,00000000,M898,B828,103010A0A0D1D1    10,   0  0,03,63,6594,000091,UR1C0KA ,00000000,2,  ,2,2,F20C0F7H    ,2,1,1,2013-11-10 13:43:06,1,20.072
WJGA6UBL    ,2013-11-10 07:07:56,2013-11-09 11:46:29,6600,J1C2,TF655A    ,0000,00000000,M898,B828,103010A0A0D1D1    10,   0  0,03,63,6594,000084,UR1C0KA ,00000000,2,  ,2,2,F20E53PM    ,2,1,1,2013-11-10 13:31:15,1,19.357
WJGA6UEL    ,2013-11-10 08:04:02,2013-11-09 11:46:29,6600,J1C2,TF655A    ,0000,00000000,M898,B828,103010A0A0D1D1    10,   0  0,03,63,6594,000057,UR1C0KA ,00000000,2,  ,2,2,F20E5ZJD    ,2,1,1,2013-11-10 13:43:06,1,20.292
WJGA6UJL    ,2013-11-10 07:20:00,2013-11-09 11:46:29,6600,J1C2,TF655A    ,0000,00000000,M898,B828,103010A0A0D1D1    15,   1  4,03,63,6594,000166,UR1C0KA ,00000000,2,  ,2,2,F20DGFLR    ,2,1,1,2013-11-10 13:35:30,1,19.558
WJGA6ULL    ,2013-11-10 07:34:21,2013-11-09 11:46:29,6600,J1C2,TF655A    ,0000,00000000,M898,B828,103010A0A0D1D1    10,   0  0,03,63,6594,000075,UR1C0KA ,00000000,2,  ,2,2,F20E5YW4    ,2,1,1,2013-11-10 13:35:29,1,19.798
WJGA6UNL    ,2013-11-10 07:42:51,2013-11-09 11:46:29,6600,J1C2,TF6B5A    ,0000,00000000,M898,B828,103010A0A0D1D1    10,   0  0,03,63,6594,000074,UR1C0KA ,00000000,2,  ,2,2,F20E5V75    ,2,1,1,2013-11-10 13:35:29,1,19.939
WJGA6UPL    ,2013-11-10 07:29:45,2013-11-09 11:46:29,6600,J1C2,TF655A    ,0000,00000000,M898,B828,103010A0A0D1D1    10,   0  0,03,63,6594,000089,UR1C0KA ,00000000,2,  ,2,2,F20C0HNB    ,2,1,1,2013-11-10 13:35:30,1,19.721
WJGA6URL    ,2013-11-10 07:34:09,2013-11-09 11:46:29,6600,J1C2,TF655A    ,0000,00000000,M898,B828,103010A0A0D1D1    15,   1  4,03,63,6594,000168,UR1C0KA ,00000000,2,  ,2,2,F20E5RAE    ,2,1,1,2013-11-10 13:35:29,1,19.794
WJGA6UXL    ,2013-11-10 07:54:11,2013-11-09 11:46:29,6600,J1C2,TF655A    ,0000,00000000,M898,B828,103010A0A0D1D1    10,   0  0,03,63,6594,000011,UR1C0KA ,00000000,2,  ,2,2,F20E5YTK    ,2,1,1,2013-11-10 13:43:06,1,20.128
WJGA6VLL    ,2013-11-10 06:56:08,2013-11-09 11:46:29,6600,J1C2,TF655A    ,0000,00000000,M898,B828,103010A0A0D1D1    15,   1  4,03,63,6594,000135,UR1C0KA ,00000000,2,  ,2,2,F20BZ5JS    ,2,1,1,2013-11-10 13:31:15,1,19.161
WJGA6VSL    ,2013-11-10 07:27:05,2013-11-09 11:46:29,6600,J1C2,TF655A    ,0000,00000000,M898,B828,103010A0A0D1D1    10,   0  0,03,63,6594,000076,UR1C0KA ,00000000,2,  ,2,2,F20E5Y34    ,2,1,1,2013-11-10 13:35:29,1,19.676
WJGA6VUL    ,2013-11-10 08:04:30,2013-11-09 11:46:29,6600,J1C2,TF655A    ,0000,00000000,M898,B828,103010A0A0D1D1    15,   1  4,03,63,6594,000159,UR1C0KA ,00000000,2,  ,2,2,F20E5X0H    ,2,1,1,2013-11-10 13:43:06,1,20.300
WJGA6WZL    ,2013-11-10 08:38:23,2013-11-09 11:46:29,6600,J1C2,TF655A    ,0000,00000000,M898,B828,103010A0A0D1D1    15,   1  4,03,63,6594,000234,UR1C0KA ,00000000,2,  ,2,2,F20DCV2B    ,2,1,1,2013-11-10 13:45:16,1,20.865
WJGA6XJL    ,2013-11-10 07:54:58,2013-11-09 11:46:29,6600,J1C2,TF655A    ,0000,00000000,M898,B828,10301540409191    10,  10  8,03,63,6594,000189,UR1C0KA ,00000000,2,  ,2,2,F20DDCF6    ,2,1,1,2013-11-10 13:43:06,1,20.141
WJGA6XKL    ,2013-11-10 06:46:11,2013-11-09 11:46:29,6600,J1C2,TF655A    ,0000,00000000,M898,B828,10301540409191    15,  11  C,03,63,6594,000207,UR1C0KA ,00000000,2,  ,2,2,F20BEZKG    ,2,1,1,2013-11-10 07:11:38,1,18.995
WJGA6XML    ,2013-11-10 08:36:47,2013-11-09 11:46:29,6600,J1C2,TF655A    ,0000,00000000,M898,B828,10301540409191    10,  10  8,03,63,6594,000200,UR1C0KA ,00000000,2,  ,2,2,F20BDYBC    ,2,1,1,2013-11-10 13:45:16,1,20.838
WJGA6XVL    ,2013-11-10 08:44:39,2013-11-09 11:46:29,6600,J1C2,TF655A    ,0000,00000000,M898,B828,10301540409191    10,  10  8,03,63,6594,000176,UR1C0KA ,00000000,2,  ,2,2,F20DBZMP    ,2,1,1,2013-11-10 13:45:16,1,20.969
WJGA6Y9L    ,2013-11-10 06:52:59,2013-11-09 11:46:29,6600,J1C2,TF655A    ,0000,00000000,M898,B828,103015A0A0D1D1    10,  10  8,03,63,6594,000184,UR1C0KA ,00000000,2,  ,2,2,F20E5989    ,2,1,1,2013-11-10 13:31:15,1,19.108
WJGA7VUL    ,2013-11-10 10:07:34,2013-11-09 11:46:29,6600,J1C2,TF655A    ,6110,00000000,M898,B828,10301040409191    10,   0  0,03,20,6594,000077,UR1C0KA ,00000000,3,RR,2,2,F20DEBFY    ,2,1,1,2013-11-10 14:00:43,1,22.351
WJG9R06L    ,2013-11-10 10:07:48,2013-11-09 11:46:29,6600,J1C2,TF655A    ,6110,00000000,M898,B828,153010A0A0D1D1    10,  10  8,03,65,6594,000053,UR1C0KA ,00000000,3,RR,2,2,F20C26ZS    ,2,1,1,2013-11-10 14:00:43,1,22.355
WJG9R0WL    ,2013-11-10 10:07:55,2013-11-09 11:46:29,6600,J1C2,TF655A    ,6110,00000000,M898,B828,153010A0A0D1D1    15,  11  C,03,65,6594,000221,UR1C0KA ,00000000,3,RR,2,2,F20C26FF    ,2,1,1,2013-11-10 14:00:43,1,22.357
WJGA84KL    ,2013-11-10 10:07:22,2013-11-09 11:46:29,6600,J1C2,TF655A    ,6110,00000000,M898,B828,10301540409191    10,  10  8,03,20,6594,000024,UR1C0KA ,00000000,3,RR,2,2,F20DF4J0    ,2,1,1,2013-11-10 14:00:43,1,22.348
WJG913GL    ,2013-11-10 10:07:55,2013-11-09 11:46:29,6600,J1C2,TF655A    ,6110,00000000,M898,B828,10301540409191    10,  10 19,03,13,6594,000208,UR1C0KA ,00000000,5,RR,6,2,A36KEMZE    ,2,2,3,2013-11-10 14:00:43,1,22.357
WJGA3Y7L    ,2013-11-10 10:07:21,2013-11-09 11:46:29,6600,J1C2,TF655A    ,6110,00000000,M898,B828,10301040409191    10,   0  0,03,20,6594,000038,UR1C0KA ,00000000,3,RR,2,2,F20C2327    ,2,1,1,2013-11-10 14:00:43,1,22.348
WJGA3R9L    ,2013-11-09 20:45:51,2013-11-09 11:46:29,6600,J1C2,TF655A    ,6200,00000000,M898,B828,10301040409191    10,   0  0,03,20,6594,000005,UR1C0KA ,00000000,3,XW,2,2,F20D1JGQ    ,2,1,1,2013-11-10 01:43:23,0,8.989
WJG59T3L    ,2013-11-09 18:11:50,2013-11-09 11:46:29,6600,J1C2,TF655A    ,6200,00000000,M898,B828,15301040409191    10,  10  8,04,26,6594,000055,UR1C0KA ,00000000,4,XW,3,2,F20D4QF1    ,2,1,2,2013-11-10 00:59:51,0,6.422
WJG9R7AL    ,2013-11-09 20:06:50,2013-11-09 11:46:29,6600,J1C2,TF655A    ,6200,00000000,M898,B828,10301040409191    10,   0  0,03,20,6594,000109,UR1C0KA ,00000000,3,XW,2,2,F20BF4L4    ,2,1,1,2013-11-10 01:39:40,0,8.339
WJGA6JTL    ,2013-11-10 01:32:24,2013-11-09 11:46:29,6600,J1C2,TF655A    ,6300,00000000,M898,B828,10301040409191    10,   0  0,03,20,6594,000118,UR1C0KA ,00000000,3,XW,2,2,F20DCXQK    ,2,1,1,2013-11-10 02:57:11,1,13.765
WJGA839L    ,2013-11-09 21:45:15,2013-11-09 11:46:29,6600,J1C2,TF655A    ,6300,00000000,M898,B828,10301040409191    10,   0  0,03,20,6594,000031,UR1C0KA ,00000000,3,XW,2,2,F20DDT9G    ,2,1,1,2013-11-10 01:56:47,0,9.979
WJGA6P3L    ,2013-11-10 01:03:02,2013-11-09 11:46:29,6600,J1C2,TF655A    ,6300,00000000,M898,B828,10301040409191    10,   0  0,03,20,6594,000117,UR1C0KA ,00000000,3,XW,2,2,F20DFYYF    ,2,1,1,2013-11-10 02:53:40,1,13.276
WJG980JL    ,2013-11-10 02:47:26,2013-11-09 11:46:29,6600,J1C2,TF655A    ,6300,00000000,M898,B828,10301540409191    10,  10  8,03,20,6594,000102,UR1C0KA ,00000002,3,CH,2,2,A36QFPGW    ,2,1,1,2013-11-10 03:18:20,1,15.016
WJGA6RNL    ,2013-11-09 21:57:24,2013-11-09 11:46:29,6600,J1C2,TF655A    ,6300,00000000,M898,B828,10301040409191    15,   1  4,03,20,6594,000119,UR1C0KA ,00000000,3,XW,2,2,F20DHHC5    ,2,1,1,2013-11-10 02:04:55,0,10.182
WJG9R3GL    ,2013-11-09 19:46:04,2013-11-09 11:46:29,6600,J1C2,TF655A    ,6300,00000000,M898,B828,103010A0A0D1D1    10,   0  0,03,20,6594,000006,UR1C0KA ,00000000,3,XW,2,2,F20C07Z7    ,2,1,1,2013-11-10 01:29:34,0,7.993
WJG9LPXL    ,2013-11-09 18:16:57,2013-11-09 11:46:29,6600,J1C2,TF655A    ,6300,00000000,M898,B828,15301040409191    10,  10 19,03,65,6594,000039,UR1C0KA ,00000000,4,XW,6,2,F20BGETY    ,2,3,2,2013-11-10 00:59:50,0,6.508
WJGAHV8L    ,2013-11-09 17:51:19,2013-11-09 11:46:29,6600,J1C2,TF655A    ,6300,00000000,M898,B828,103010A0A0D1D1    10,   0  0,05,63,6594,000030,UR1C0KA ,00000000,3,XW,2,2,F20BZG4J    ,2,1,1,2013-11-10 00:59:51,0,6.081
WJG9R3AL    ,2013-11-10 03:12:27,2013-11-09 11:46:29,6600,J1C2,TF655A    ,6300,00000000,M898,B828,103010A0A0D1D1    10,   0  0,03,20,6594,000021,UR1C0KA ,00000000,3,XW,2,2,F20DJ07T    ,2,1,1,2013-11-10 03:43:09,1,15.432
WJG9N7YL    ,2013-11-09 21:00:22,2013-11-09 11:46:29,6600,J1C2,TF655A    ,6300,00000000,M898,B828,15301540409191    15,  11  C,03,04,6594,000133,UR1C0KA ,00000000,4,CA,4,2,A36QFPR4    ,2,1,2,2013-11-10 01:53:12,0,9.231
WJG9PLML    ,2013-11-09 21:39:30,2013-11-09 11:46:29,6600,J1C2,TF655A    ,6300,00000000,M898,B828,10301040409191    10,   0  0,03,20,6594,000088,UR1C0KA ,00000000,3,XW,2,2,F20C1AWZ    ,2,1,1,2013-11-10 01:56:47,0,9.884
WJGAJ84L    ,2013-11-09 21:43:51,2013-11-09 11:46:29,6600,J1C2,TF655A    ,6300,00000000,M898,B828,103010A0A0D1D1    10,   0  0,05,63,6594,000040,UR1C0KA ,00000000,3,XW,2,2,F20E60ZK    ,2,1,1,2013-11-10 01:56:47,0,9.956
WJGA3UWL    ,2013-11-10 07:55:25,2013-11-09 11:46:29,6600,J1C2,TF655A    ,6300,00000000,M898,B828,10301040409191    10,   0  0,03,20,6594,000016,UR1C0KA ,00000000,3,XW,2,2,F20BK0HM    ,2,1,1,2013-11-10 13:43:06,1,20.149
WJGA3UZL    ,2013-11-10 07:43:35,2013-11-09 11:46:29,6600,J1C2,TF655A    ,6300,00000000,M898,B828,10301040409191    10,   0  0,03,20,6594,000032,UR1C0KA ,00000000,3,XW,2,2,F20BGG31    ,2,1,1,2013-11-10 13:35:29,1,19.951
WJGA3L9L    ,2013-11-10 04:31:59,2013-11-09 11:46:29,6600,J1C2,TF655A    ,6300,00000000,M898,B828,103010A0A0D1D1    10,   0  0,03,20,6594,000239,UR1C0KA ,00000000,3,XW,2,2,F20DGTFZ    ,2,1,1,2013-11-10 05:11:36,1,16.758
WJGA3WHL    ,2013-11-09 20:28:21,2013-11-09 11:46:29,6600,J1C2,TF6B5A    ,6300,00000000,M898,B828,10301440409191    10,  10  8,03,20,6594,000087,UR1C0KA ,00000000,3,XN,6,2,F20BNJFF    ,2,1,1,2013-11-10 01:43:23,0,8.698
WJGA37LL    ,2013-11-09 21:12:57,2013-11-09 11:46:29,6600,J1C2,TF655A    ,6300,00000000,M898,B828,10301040409191    10,   0  0,03,20,6594,000085,UR1C0KA ,00000000,3,XW,2,2,F20DHF4G    ,2,1,1,2013-11-10 01:53:12,0,9.441
WJGA3X5L    ,2013-11-10 01:42:35,2013-11-09 11:46:29,6600,J1C2,TF655A    ,6300,00000000,M898,B828,10301040409191    10,   0  0,03,20,6594,000080,UR1C0KA ,00000000,3,XW,2,2,F20BHT77    ,2,1,1,2013-11-10 02:57:10,1,13.935
WJGA31YL    ,2013-11-09 18:32:59,2013-11-09 11:46:29,6600,J1C2,TF655A    ,6300,00000000,M898,B828,153010A0A0D1D1    10,  10  8,03,65,6594,000093,UR1C0KA ,00000000,3,XW,2,2,F20DFHKA    ,2,1,1,2013-11-10 01:14:08,0,6.775
WJGA74ML    ,2013-11-09 17:02:45,2013-11-09 11:46:29,6600,J1C2,TF655A    ,6300,00000000,M898,B828,103015A0A0D1D1    15,  11  C,03,63,6594,000213,UR1C0KA ,00000000,2,XN,2,2,F20BELAV    ,2,1,1,2013-11-10 00:43:52,0,5.271
WJGA2UPL    ,2013-11-10 01:15:09,2013-11-09 11:46:29,6600,J1C2,TF655A    ,6300,00000000,M898,B828,103010A0A0D1D1    10,   0  0,03,20,6594,000095,UR1C0KA ,00000000,3,XW,2,2,F20E5XT1    ,2,1,1,2013-11-10 02:53:40,1,13.478
WJGA6ADL    ,2013-11-10 06:57:01,2013-11-09 11:46:29,6600,J1C2,TF6B5A    ,6300,00000000,M898,B828,10301540409191    15,  11  C,03,20,6594,000037,UR1C0KA ,00000000,3,XW,2,2,F20BYQBK    ,2,1,1,2013-11-10 13:31:16,1,19.175
WJG96VVL    ,2013-11-09 16:25:04,2013-11-09 11:46:29,6600,J1C2,TF655A    ,6300,00000000,M898,B828,10301440409191    10,  10  8,10,23,6594,000052,UR1C0KA ,00000000,3,XN,4,2,A36KFR2A    ,2,1,2,2013-11-10 00:33:53,0,4.643
WJGA28BL    ,2013-11-09 18:01:56,2013-11-09 11:46:29,6600,J1C2,TF655A    ,6300,00000000,M898,B828,103010A0A0D1D1    10,   0  0,03,20,6594,000015,UR1C0KA ,00000000,3,XW,2,2,F20E5Y4Q    ,2,1,1,2013-11-10 00:59:50,0,6.258
WJG97P9L    ,2013-11-10 02:56:45,2013-11-09 11:46:29,6600,J1C2,TF655A    ,6300,00000000,M898,B828,10301540409191    10,  10  8,10,52,6594,000111,UR1C0KA ,00000000,4,CA,4,2,F20CYJEQ    ,2,1,2,2013-11-10 03:43:09,1,15.171
WJGA6S5L    ,2013-11-10 00:41:44,2013-11-09 11:46:29,6600,J1C2,TF655A    ,6384,00000001,M898,B828,10301040409191    15,   1  4,03,20,6594,000222,UR1C0KA ,00000000,3,XW,2,2,F20DCXKS    ,2,1,1,2013-11-10 02:35:10,1,12.921
WJGA2J5L    ,2013-11-10 04:44:29,2013-11-09 11:46:29,6600,J1C2,TF655A    ,6384,00000001,M898,B828,103010A0A0D1D1    10,   0  0,03,20,6594,000110,UR1C0KA ,00000000,3,XW,2,2,F20C0020    ,2,1,1,2013-11-10 05:11:36,1,16.966
WJGA6BEL    ,2013-11-10 00:10:11,2013-11-09 11:46:29,6600,J1C2,TF655A    ,6384,00000001,M898,B828,10301040409191    15,   1  4,03,20,6594,000134,UR1C0KA ,00000001,3,SK,4,2,F20DHCZM    ,2,1,2,2013-11-10 02:32:09,1,12.395
WJGA2A2L    ,2013-11-10 06:20:59,2013-11-09 11:46:29,6600,J1C2,TF655A    ,6384,00000001,M898,B828,10301040409191    10,   0  0,03,20,6594,000240,UR1C0KA ,00000000,3,XW,2,2,F20D1BRP    ,2,1,1,2013-11-10 07:11:39,1,18.575
WJGA3LTL    ,2013-11-10 00:24:57,2013-11-09 11:46:29,6600,J1C2,TF655A    ,6384,00000002,M898,B828,103010A0A0D1D1    10,   0  0,03,20,6594,000045,UR1C0KA ,00000000,3,XW,2,2,F20C283A    ,2,1,1,2013-11-10 02:35:10,1,12.641
WJG9PSPL    ,2013-11-09 23:58:06,2013-11-09 11:46:29,6600,J1C2,TF655A    ,6384,00000001,M898,B828,10301440409191    15,  11  C,03,20,6594,000205,UR1C0KA ,00000001,3,SK,4,2,A36QFPH4    ,2,1,2,2013-11-10 02:32:10,0,12.194
WJGA81JL    ,2013-11-10 00:53:25,2013-11-09 11:46:29,6600,J1C2,TF655A    ,6384,00000002,M898,B828,10301040409191    15,   1  4,03,20,6594,000126,UR1C0KA ,00000002,3,SK,4,2,F20E60S6    ,2,1,2,2013-11-10 02:53:40,1,13.115
WJGA81KL    ,2013-11-10 01:26:50,2013-11-09 11:46:29,6600,J1C2,TF655A    ,6384,00000002,M898,B828,10301040409191    10,   0  0,03,20,6594,000223,UR1C0KA ,00000000,3,XW,2,2,F20E643P    ,2,1,1,2013-11-10 02:57:11,1,13.672
WJG9N9AL    ,2013-11-10 03:10:05,2013-11-09 11:46:29,6600,J1C2,TF655A    ,6384,00000001,M898,B828,103015A0A0D1D1    10,  10  8,03,20,6594,000230,UR1C0KA ,00000000,3,XW,2,2,A36KFN31    ,2,1,1,2013-11-10 03:43:09,1,15.393
WJG9N61L    ,2013-11-10 05:54:55,2013-11-09 11:46:29,6600,J1C2,TF655A    ,6384,00000001,M898,B828,153015A0A0D1D1    10,  10  8,03,04,6594,000022,UR1C0KA ,00000001,4,SK,4,2,A369QS8L    ,2,1,2,2013-11-10 06:44:38,1,18.140
WJG2VZZL    ,2013-11-10 03:11:26,2013-11-09 11:46:29,6600,J1C2,TF655A    ,6384,00000001,M898,B828,10301440409191    10,  10  8,05,23,6594,000070,UR1C0KA ,00000001,4,SK,4,2,F20CQMLC    ,2,1,2,2013-11-10 03:43:09,1,15.416
WJG9JBNL    ,2013-11-10 00:56:08,2013-11-09 11:46:29,6600,J1C2,TF655A    ,6384,00000001,M898,B828,10301440409191    10,  10 19,03,13,6594,000229,UR1C0KA ,00000000,4,XW,6,2,F20DDMYR    ,2,2,2,2013-11-10 02:53:40,1,13.161
WJGA2SZL    ,2013-11-10 07:23:37,2013-11-09 11:46:29,6600,J1C2,TF655A    ,638A,00000002,M898,B828,103010A0A0D1D1    15,   1  4,03,20,6594,000237,UR1C0KA ,00000002,3,CH,2,2,F20C00D1    ,2,1,1,2013-11-10 13:35:29,1,19.619
WJGAM7TL    ,2013-11-10 14:33:43,2013-11-10 10:41:29,6800,J1C2,TF655A    ,0000,00000000,M898,B828,10301040409191    10,   0  0,03,63,6594,000137,UR1C0KA ,00000000,2,  ,2,2,F20BZM6W    ,2,1,1,2013-11-10 15:26:00,0,3.871
WJGAM7SL    ,2013-11-10 14:48:25,2013-11-10 10:41:29,6800,J1C2,TF655A    ,0000,00000000,M898,B828,10301040409191    10,   0  0,03,63,6594,000113,UR1C0KA ,00000000,2,  ,2,2,F20C1FJX    ,2,1,1,2013-11-10 15:31:03,0,4.116
WJGAMA1L    ,2013-11-10 14:41:20,2013-11-10 10:41:30,6800,J1C2,TF655A    ,0000,00000000,M898,B828,10301040409191    15,   1  4,03,63,6594,000235,UR1C0KA ,00000000,2,  ,2,2,F20DFDMS    ,2,1,1,2013-11-10 15:26:00,0,3.997
WJGAM7RL    ,2013-11-10 14:44:16,2013-11-10 10:41:29,6800,J1C2,TF655A    ,0000,00000000,M898,B828,10301040409191    10,   0  0,03,63,6594,000036,UR1C0KA ,00000000,2,  ,2,2,F20C15BN    ,2,1,1,2013-11-10 15:26:00,0,4.046
WJGAM7KL    ,2013-11-10 14:45:56,2013-11-10 10:41:29,6800,J1C2,TF655A    ,0000,00000000,M898,B828,10301040409191    10,   0  0,03,63,6594,000131,UR1C0KA ,00000000,2,  ,2,2,F20BZB3E    ,2,1,1,2013-11-10 15:26:00,0,4.074
WJGAM7JL    ,2013-11-10 14:37:30,2013-11-10 10:41:29,6800,J1C2,TF655A    ,0000,00000000,M898,B828,10301040409191    10,   0  0,03,63,6594,000186,UR1C0KA ,00000000,2,  ,2,2,F20C1CXF    ,2,1,1,2013-11-10 15:26:00,0,3.934
WJGAM7GL    ,2013-11-10 14:15:22,2013-11-10 10:41:29,6800,J1C2,TF6B5A    ,0000,00000000,M898,B828,10301040409191    10,   0  0,03,63,6594,000146,UR1C0KA ,00000000,2,  ,2,2,F20DJK1T    ,2,1,1,2013-11-10 14:42:32,0,3.565
WJGAM74L    ,2013-11-10 14:43:36,2013-11-10 10:41:29,6800,J1C2,TF655A    ,0000,00000000,M898,B828,10301040409191    10,   0  0,03,63,6594,000138,UR1C0KA ,00000000,2,  ,2,2,F20BZA3V    ,2,1,1,2013-11-10 15:26:00,0,4.035
WJGAM73L    ,2013-11-10 14:43:39,2013-11-10 10:41:29,6800,J1C2,TF655A    ,0000,00000000,M898,B828,10301040409191    10,   0  0,03,63,6594,000033,UR1C0KA ,00000000,2,  ,2,2,F20BZCZY    ,2,1,1,2013-11-10 15:26:00,0,4.036
WJGAM71L    ,2013-11-10 14:44:01,2013-11-10 10:41:29,6800,J1C2,TF655A    ,0000,00000000,M898,B828,10301040409191    10,   0  0,03,63,6594,000203,UR1C0KA ,00000000,2,  ,2,2,F20DHR6Z    ,2,1,1,2013-11-10 15:26:00,0,4.042
WJGAM70L    ,2013-11-10 14:40:23,2013-11-10 10:41:30,6800,J1C2,TF655A    ,0000,00000000,M898,B828,10301040409191    10,   0  0,03,63,6594,000227,UR1C0KA ,00000000,2,  ,2,2,F20DHT19    ,2,1,1,2013-11-10 15:26:00,0,3.981
WJGAM6XL    ,2013-11-10 14:44:49,2013-11-10 10:41:29,6800,J1C2,TF655A    ,0000,00000000,M898,B828,10301040409191    10,   0  0,03,63,6594,000044,UR1C0KA ,00000000,2,  ,2,2,F20DGHY7    ,2,1,1,2013-11-10 15:26:00,0,4.056
WJGAM6WL    ,2013-11-10 14:35:58,2013-11-10 10:41:29,6800,J1C2,TF655A    ,0000,00000000,M898,B828,10301040409191    10,   0  0,03,63,6594,000155,UR1C0KA ,00000000,2,  ,2,2,F20C09MG    ,2,1,1,2013-11-10 15:26:00,0,3.908
WJGAM7UL    ,2013-11-10 14:06:06,2013-11-10 10:41:29,6800,J1C2,TF6B5A    ,0000,00000000,M898,B828,10301040409191    10,   0  0,03,63,6594,000034,UR1C0KA ,00000000,2,  ,2,2,F20BZ52C    ,2,1,1,2013-11-10 14:42:32,0,3.410
WJGAM7VL    ,2013-11-10 14:47:06,2013-11-10 10:41:29,6800,J1C2,TF655A    ,0000,00000000,M898,B828,10301040409191    10,   0  0,03,63,6594,000026,UR1C0KA ,00000000,2,  ,2,2,F20C1GA8    ,2,1,1,2013-11-10 15:31:03,0,4.094
WJGAM7WL    ,2013-11-10 14:40:56,2013-11-10 10:41:29,6800,J1C2,TF655A    ,0000,00000000,M898,B828,10301040409191    10,   0  0,03,63,6594,000140,UR1C0KA ,00000000,2,  ,2,2,F20BZ61E    ,2,1,1,2013-11-10 15:26:00,0,3.991
WJGAM8XL    ,2013-11-10 14:33:41,2013-11-10 10:41:29,6800,J1C2,TF655A    ,0000,00000000,M898,B828,10301540409191    10,  10  8,03,63,6594,000018,UR1C0KA ,00000000,2,  ,2,2,F20DJ6YQ    ,2,1,1,2013-11-10 15:26:00,0,3.870
WJGAM82L    ,2013-11-10 14:47:17,2013-11-10 10:41:29,6800,J1C2,TF655A    ,0000,00000000,M898,B828,10301040409191    10,   0  0,03,63,6594,000204,UR1C0KA ,00000000,2,  ,2,2,F20DHMJ2    ,2,1,1,2013-11-10 15:31:03,0,4.097
WJGAM83L    ,2013-11-10 14:45:20,2013-11-10 10:41:29,6800,J1C2,TF655A    ,0000,00000000,M898,B828,10301040409191    10,   0  0,03,63,6594,000108,UR1C0KA ,00000000,2,  ,2,2,F20C27P5    ,2,1,1,2013-11-10 15:26:00,0,4.064
WJGAM84L    ,2013-11-10 14:44:26,2013-11-10 10:41:29,6800,J1C2,TF655A    ,0000,00000000,M898,B828,10301040409191    10,   0  0,03,63,6594,000202,UR1C0KA ,00000000,2,  ,2,2,F20DHM9V    ,2,1,1,2013-11-10 15:26:00,0,4.049
WJGAM8VL    ,2013-11-10 14:43:52,2013-11-10 10:41:29,6800,J1C2,TF655A    ,0000,00000000,M898,B828,10301540409191    10,  10  8,03,63,6594,000124,UR1C0KA ,00000000,2,  ,2,2,F20BNPMF    ,2,1,1,2013-11-10 15:26:00,0,4.040
WJGAM85L    ,2013-11-10 14:26:27,2013-11-10 10:41:30,6800,J1C2,TF655A    ,0000,00000000,M898,B828,10301040409191    10,   0  0,03,63,6594,000212,UR1C0KA ,00000000,2,  ,2,2,F20DGQT6    ,2,1,1,2013-11-10 15:26:00,0,3.749
WJGAM8UL    ,2013-11-10 14:48:00,2013-11-10 10:41:29,6800,J1C2,TF655A    ,0000,00000000,M898,B828,10301540409191    10,  10  8,03,63,6594,000041,UR1C0KA ,00000000,2,  ,2,2,F20BHYPW    ,2,1,1,2013-11-10 15:31:03,0,4.109
WJGAM89L    ,2013-11-10 14:44:17,2013-11-10 10:41:29,6800,J1C2,TF655A    ,0000,00000000,M898,B828,10301040409191    10,   0  0,03,63,6594,000163,UR1C0KA ,00000000,2,  ,2,2,F20C27YM    ,2,1,1,2013-11-10 15:26:00,0,4.047
WJGAM8NL    ,2013-11-10 14:41:51,2013-11-10 10:41:29,6800,J1C2,TF655A    ,0000,00000000,M898,B828,10301040409191    10,   0  0,03,63,6594,000139,UR1C0KA ,00000000,3,  ,2,2,F20DHAWK    ,2,1,1,2013-11-10 15:26:00,0,4.006
WJGAM8BL    ,2013-11-10 14:31:16,2013-11-10 10:41:29,6800,J1C2,TF655A    ,0000,00000000,M898,B828,10301040409191    10,   0  0,03,63,6594,000195,UR1C0KA ,00000000,2,  ,2,2,F20DHWGE    ,2,1,1,2013-11-10 15:26:00,0,3.830
WJGAM8EL    ,2013-11-10 14:42:08,2013-11-10 10:41:29,6800,J1C2,TF655A    ,0000,00000000,M898,B828,10301540409191    10,  10  8,03,63,6594,000161,UR1C0KA ,00000000,2,  ,2,2,F20CWXDF    ,2,1,1,2013-11-10 15:26:00,0,4.011
WJGAM8JL    ,2013-11-10 14:50:33,2013-11-10 10:41:29,6800,J1C2,TF655A    ,0000,00000000,M898,B828,10301540409191    10,  10  8,03,63,6594,000196,UR1C0KA ,00000000,2,  ,2,2,F20CWTA4    ,2,1,1,2013-11-10 15:31:03,0,4.151
WJGAM8HL    ,2013-11-10 14:45:05,2013-11-10 10:41:29,6800,J1C2,TF655A    ,0000,00000000,M898,B828,10301540409191    10,  10  8,03,63,6594,000194,UR1C0KA ,00000000,2,  ,2,2,F20DCVZ5    ,2,1,1,2013-11-10 15:26:00,0,4.060
WJGAMKKL    ,2013-11-10 14:45:16,2013-11-10 10:41:29,6800,J1C2,TF655A    ,0000,00000000,M898,B828,10301040409191    10,   0  0,03,63,6594,000092,UR1C0KA ,00000000,2,  ,2,2,F20BZ7XY    ,2,1,1,2013-11-10 15:26:00,0,4.063
WJGAMKLL    ,2013-11-10 14:36:32,2013-11-10 10:41:29,6800,J1C2,TF655A    ,0000,00000000,M898,B828,10301040409191    10,   0  0,03,63,6594,000073,UR1C0KA ,00000000,2,  ,2,2,F20DJS9X    ,2,1,1,2013-11-10 15:26:00,0,3.918
WJGAMKWL    ,2013-11-10 14:41:11,2013-11-10 10:41:29,6800,J1C2,TF655A    ,0000,00000000,M898,B828,10301040409191    15,   1  4,03,63,6594,000158,UR1C0KA ,00000000,2,  ,2,2,F20C29YB    ,2,1,1,2013-11-10 15:26:00,0,3.995
WJGAML0L    ,2013-11-10 14:44:30,2013-11-10 10:41:29,6800,J1C2,TF655A    ,0000,00000000,M898,B828,10301040409191    10,   0  0,03,63,6594,000058,UR1C0KA ,00000000,2,  ,2,2,F20DJGGS    ,2,1,1,2013-11-10 15:26:00,0,4.050
WJGAML1L    ,2013-11-10 14:44:47,2013-11-10 10:41:29,6800,J1C2,TF655A    ,0000,00000000,M898,B828,10301040409191    10,   0  0,03,63,6594,000114,UR1C0KA ,00000000,2,  ,2,2,F20C28J3    ,2,1,1,2013-11-10 15:26:00,0,4.055
WJGAML5L    ,2013-11-10 14:42:37,2013-11-10 10:41:29,6800,J1C2,TF655A    ,0000,00000000,M898,B828,10301040409191    15,   1  4,03,63,6594,000167,UR1C0KA ,00000000,2,  ,2,2,F20DGQZL    ,2,1,1,2013-11-10 15:26:00,0,4.019
WJGAMLBL    ,2013-11-10 14:28:18,2013-11-10 10:41:29,6800,J1C2,TF655A    ,0000,00000000,M898,B828,10301040409191    10,   0  0,03,63,6594,000100,UR1C0KA ,00000000,2,  ,2,2,F20DJFVF    ,2,1,1,2013-11-10 15:26:00,0,3.780
WJGAMLLL    ,2013-11-10 14:42:34,2013-11-10 10:41:29,6800,J1C2,TF655A    ,0000,00000000,M898,B828,10301040409191    10,   0  0,03,63,6594,000122,UR1C0KA ,00000000,2,  ,2,2,F20C016X    ,2,1,1,2013-11-10 15:26:00,0,4.018
WJGAMLML    ,2013-11-10 14:42:42,2013-11-10 10:41:29,6800,J1C2,TF655A    ,0000,00000000,M898,B828,10301040409191    10,   0  0,03,63,6594,000027,UR1C0KA ,00000000,2,  ,2,2,F20C29VF    ,2,1,1,2013-11-10 15:26:00,0,4.020
WJGAMMKL    ,2013-11-10 14:44:17,2013-11-10 10:41:29,6800,J1C2,TF655A    ,0000,00000000,M898,B828,15301040409191    15,  11  C,03,63,6594,000174,UR1C0KA ,00000000,2,  ,2,2,F20C1G49    ,2,1,1,2013-11-10 15:26:00,0,4.047
WJGAMMRL    ,2013-11-10 14:48:20,2013-11-10 10:41:29,6800,J1C2,TF655A    ,0000,00000000,M898,B828,15301040409191    10,  10  8,03,63,6594,000017,UR1C0KA ,00000000,2,  ,2,2,F20BZM65    ,2,1,1,2013-11-10 15:31:03,0,4.114
WJGAMMYL    ,2013-11-10 14:48:20,2013-11-10 10:41:29,6800,J1C2,TF655A    ,0000,00000000,M898,B828,15301040409191    15,  11  C,03,63,6594,000206,UR1C0KA ,00000000,2,  ,2,2,F20BZN2H    ,2,1,1,2013-11-10 15:31:03,0,4.114
WJGAMN1L    ,2013-11-10 14:03:52,2013-11-10 10:41:29,6800,J1C2,TF6B5A    ,0000,00000000,M898,B828,15301040409191    15,  11  C,03,63,6594,000175,UR1C0KA ,00000000,2,  ,2,2,F20BZMA8    ,2,1,1,2013-11-10 14:42:32,0,3.373
WJGAMN7L    ,2013-11-10 14:40:55,2013-11-10 10:41:29,6800,J1C2,TF655A    ,0000,00000000,M898,B828,15301040409191    10,  10  8,03,63,6594,000002,UR1C0KA ,00000000,2,  ,2,2,F20C1H0Q    ,2,1,1,2013-11-10 15:26:00,0,3.991
WJGAMNGL    ,2013-11-10 14:33:36,2013-11-10 10:41:29,6800,J1C2,TF655A    ,0000,00000000,M898,B828,15301040409191    10,  10  8,03,63,6594,000099,UR1C0KA ,00000000,2,  ,2,2,F20DJS5N    ,2,1,1,2013-11-10 15:26:00,0,3.869
WJGAMNHL    ,2013-11-10 14:38:40,2013-11-10 10:41:29,6800,J1C2,TF655A    ,0000,00000000,M898,B828,15301040409191    15,  11  C,03,63,6594,000173,UR1C0KA ,00000000,2,  ,2,2,F20C1H9Q    ,2,1,1,2013-11-10 15:26:00,0,3.953
WJGAMNWL    ,2013-11-10 14:49:03,2013-11-10 10:41:29,6800,J1C2,TF655A    ,0000,00000000,M898,B828,15301040409191    10,  10  8,03,63,6594,000066,UR1C0KA ,00000000,2,  ,2,2,F20C1GZ4    ,2,1,1,2013-11-10 15:31:03,0,4.126
WJGAMTNL    ,2013-11-10 14:44:02,2013-11-10 10:41:29,6800,J1C2,TF655A    ,0000,00000000,M898,B828,10301040409191    15,   1  4,03,55,6594,000136,UR1C0KA ,00000000,2,  ,2,2,F20C281Y    ,2,1,1,2013-11-10 15:26:00,0,4.042
WJGAMXWL    ,2013-11-10 14:40:35,2013-11-10 10:41:29,6800,J1C2,TF655A    ,0000,00000000,M898,B828,103014A0A0D1A1    15,  11  C,03,55,6594,000127,UR1C0KA ,00000000,2,  ,2,2,F20DD9QJ    ,2,1,1,2013-11-10 15:26:00,0,3.985
WJGAN12L    ,2013-11-10 14:44:29,2013-11-10 10:41:29,6800,J1C2,TF655A    ,0000,00000000,M898,B828,10301040409191    15,   1  4,03,55,6594,000142,UR1C0KA ,00000000,2,  ,2,2,F20C1FWD    ,2,1,1,2013-11-10 15:26:00,0,4.050
WJGANBZL    ,2013-11-10 14:45:06,2013-11-10 10:41:29,6800,J1C2,TF655A    ,0000,00000000,M898,B828,103014A0A0D1A1    15,  11  C,03,55,6594,000144,UR1C0KA ,00000000,2,  ,2,2,F20BFG3E    ,2,1,1,2013-11-10 15:26:00,0,4.060
WJGANUSL    ,2013-11-10 14:38:56,2013-11-10 10:41:29,6800,J1C2,TF655A    ,0000,00000000,M898,B828,103014A0A0D1A1    15,  11  C,03,55,6594,000128,UR1C0KA ,00000000,2,  ,2,2,F20C29JY    ,2,1,1,2013-11-10 15:26:00,0,3.958
WJGANVPL    ,2013-11-10 14:44:13,2013-11-10 10:41:29,6800,J1C2,TF655A    ,0000,00000000,M898,B828,103014A0A0D1A1    15,  11  C,03,55,6594,000141,UR1C0KA ,00000000,2,  ,2,2,F20DGVL0    ,2,1,1,2013-11-10 15:26:00,0,4.046
WJGAMB2L    ,2013-11-10 14:39:46,2013-11-10 10:41:29,6800,J1C2,TF655A    ,0000,00000000,M898,B828,10301040409191    10,   0  0,03,63,6594,000116,UR1C0KA ,00000000,2,  ,2,2,F20DF7T0    ,2,1,1,2013-11-10 15:26:00,0,3.971
WJGAMB3L    ,2013-11-10 14:05:53,2013-11-10 10:41:30,6800,J1C2,TF6B5A    ,0000,00000000,M898,B828,10301040409191    10,   0  0,03,63,6594,000217,UR1C0KA ,00000000,2,  ,2,2,F20C26R9    ,2,1,1,2013-11-10 14:42:32,0,3.406
WJGAMB4L    ,2013-11-10 14:47:10,2013-11-10 10:41:29,6800,J1C2,TF655A    ,0000,00000000,M898,B828,10301040409191    10,   0  0,03,63,6594,000107,UR1C0KA ,00000000,2,  ,2,2,F20DHNQJ    ,2,1,1,2013-11-10 15:31:03,0,4.095
WJGAMB5L    ,2013-11-10 14:36:07,2013-11-10 10:41:30,6800,J1C2,TF655A    ,0000,00000000,M898,B828,10301040409191    10,   0  0,03,63,6594,000211,UR1C0KA ,00000000,2,  ,2,2,F20C2884    ,2,1,1,2013-11-10 15:26:00,0,3.910
WJGAMBJL    ,2013-11-10 14:41:24,2013-11-10 10:41:29,6800,J1C2,TF655A    ,0000,00000000,M898,B828,10301040409191    10,   0  0,03,63,6594,000180,UR1C0KA ,00000000,2,  ,2,2,F20C29KH    ,2,1,1,2013-11-10 15:26:00,0,3.999
WJGAMBKL    ,2013-11-10 14:31:24,2013-11-10 10:41:29,6800,J1C2,TF655A    ,0000,00000000,M898,B828,10301040409191    10,   0  0,03,63,6594,000004,UR1C0KA ,00000000,2,  ,2,2,F20C29AE    ,2,1,1,2013-11-10 15:26:00,0,3.832
WJGAMBLL    ,2013-11-10 14:48:17,2013-11-10 10:41:29,6800,J1C2,TF655A    ,0000,00000000,M898,B828,10301040409191    10,   0  0,03,63,6594,000147,UR1C0KA ,00000000,2,  ,2,2,F20DHMMV    ,2,1,1,2013-11-10 15:31:03,0,4.113
WJGAMBML    ,2013-11-10 14:41:58,2013-11-10 10:41:29,6800,J1C2,TF655A    ,0000,00000000,M898,B828,10301040409191    10,   0  0,03,63,6594,000145,UR1C0KA ,00000000,2,  ,2,2,F20DGJX5    ,2,1,1,2013-11-10 15:26:00,0,4.008
WJGAMBNL    ,2013-11-10 14:43:16,2013-11-10 10:41:29,6800,J1C2,TF655A    ,0000,00000000,M898,B828,10301040409191    10,   0  0,03,63,6594,000172,UR1C0KA ,00000000,2,  ,2,2,F20DHSX2    ,2,1,1,2013-11-10 15:26:00,0,4.030
WJGAMBPL    ,2013-11-10 14:47:41,2013-11-10 10:41:29,6800,J1C2,TF655A    ,0000,00000000,M898,B828,10301040409191    10,   0  0,03,63,6594,000001,UR1C0KA ,00000000,2,  ,2,2,F20C29KR    ,2,1,1,2013-11-10 15:31:03,0,4.103
WJGAMBRL    ,2013-11-10 14:44:36,2013-11-10 10:41:29,6800,J1C2,TF655A    ,0000,00000000,M898,B828,10301040409191    10,   0  0,03,63,6594,000169,UR1C0KA ,00000000,2,  ,2,2,F20BZCVQ    ,2,1,1,2013-11-10 15:26:00,0,4.052
WJGAMBTL    ,2013-11-10 14:41:55,2013-11-10 10:41:29,6800,J1C2,TF655A    ,0000,00000000,M898,B828,10301040409191    10,   0  0,03,63,6594,000178,UR1C0KA ,00000000,2,  ,2,2,F20DHG58    ,2,1,1,2013-11-10 15:26:00,0,4.007
WJGAMBUL    ,2013-11-10 14:45:29,2013-11-10 10:41:29,6800,J1C2,TF655A    ,0000,00000000,M898,B828,10301040409191    10,   0  0,03,63,6594,000121,UR1C0KA ,00000000,2,  ,2,2,F20C2751    ,2,1,1,2013-11-10 15:26:00,0,4.067
WJGAMBXL    ,2013-11-10 14:46:19,2013-11-10 10:41:30,6800,J1C2,TF655A    ,0000,00000000,M898,B828,10301040409191    10,   0  0,03,63,6594,000210,UR1C0KA ,00000000,2,  ,2,2,F20C29XC    ,2,1,1,2013-11-10 15:26:00,0,4.080
WJGAMD1L    ,2013-11-10 14:43:36,2013-11-10 10:41:29,6800,J1C2,TF655A    ,0000,00000000,M898,B828,10301040409191    10,   0  0,03,63,6594,000185,UR1C0KA ,00000000,2,  ,2,2,F20C2A01    ,2,1,1,2013-11-10 15:26:00,0,4.035
WJGAMG3L    ,2013-11-10 14:34:51,2013-11-10 10:41:29,6800,J1C2,TF655A    ,0000,00000000,M898,B828,10301040409191    10,   0  0,03,63,6594,000098,UR1C0KA ,00000000,2,  ,2,2,F20DHAP5    ,2,1,1,2013-11-10 15:26:00,0,3.889
WJGAMGYL    ,2013-11-10 14:47:54,2013-11-10 10:41:29,6800,J1C2,TF655A    ,0000,00000000,M898,B828,10301040409191    10,   0  0,03,63,6594,000090,UR1C0KA ,00000000,2,  ,2,2,F20DHBSZ    ,2,1,1,2013-11-10 15:31:03,0,4.107
WJGAMH2L    ,2013-11-10 14:34:42,2013-11-10 10:41:29,6800,J1C2,TF655A    ,0000,00000000,M898,B828,103010A0A0D1D1    10,   0  0,03,63,6594,000012,UR1C0KA ,00000000,2,  ,2,2,F20C0GTQ    ,2,1,1,2013-11-10 15:26:00,0,3.887
WJGAMH3L    ,2013-11-10 14:50:58,2013-11-10 10:41:29,6800,J1C2,TF655A    ,0000,00000000,M898,B828,103010A0A0D1D1    10,   0  0,03,63,6594,000106,UR1C0KA ,00000000,2,  ,2,2,F20C2AYQ    ,2,1,1,2013-11-10 15:31:03,0,4.158
WJGAMK3L    ,2013-11-10 14:40:00,2013-11-10 10:41:29,6800,J1C2,TF655A    ,0000,00000000,M898,B828,10301040409191    10,   0  0,03,63,6594,000009,UR1C0KA ,00000000,2,  ,2,2,F20DJSDP    ,2,1,1,2013-11-10 15:26:00,0,3.975
WJGAMK5L    ,2013-11-10 14:28:15,2013-11-10 10:41:29,6800,J1C2,TF655A    ,0000,00000000,M898,B828,10301040409191    15,   1  4,03,63,6594,000157,UR1C0KA ,00000000,2,  ,2,2,F20BZMXP    ,2,1,1,2013-11-10 15:26:00,0,3.779
WJGAMK6L    ,2013-11-10 14:47:32,2013-11-10 10:41:29,6800,J1C2,TF655A    ,0000,00000000,M898,B828,10301040409191    10,   0  0,03,63,6594,000083,UR1C0KA ,00000000,2,  ,2,2,F20C01HJ    ,2,1,1,2013-11-10 15:31:03,0,4.101
WJGAMK7L    ,2013-11-10 14:25:43,2013-11-10 10:41:29,6800,J1C2,TF655A    ,0000,00000000,M898,B828,10301040409191    10,   0  0,03,63,6594,000060,UR1C0KA ,00000000,2,  ,2,2,F20BZJ8J    ,2,1,1,2013-11-10 15:26:00,0,3.737
WJGAMKJL    ,2013-11-10 14:47:43,2013-11-10 10:41:29,6800,J1C2,TF655A    ,0000,00000000,M898,B828,10301040409191    10,   0  0,03,63,6594,000028,UR1C0KA ,00000000,2,  ,2,2,F20BZYVA    ,2,1,1,2013-11-10 15:31:03,0,4.104
WJG9NDHL    ,2013-11-10 14:41:48,2013-11-10 10:41:29,6800,J1C2,TF655A    ,0000,00000000,M898,B828,103014A0A0A1D1    10,  10  8,03,48,6594,000082,UR1C0KA ,00000000,2,  ,2,2,F20DD3GK    ,2,1,1,2013-11-10 15:26:00,0,4.005
WJG9NH4L    ,2013-11-10 14:49:10,2013-11-10 10:41:29,6800,J1C2,TF655A    ,0000,00000000,M898,B828,10301040409191    15,   1  4,03,63,6594,000160,UR1C0KA ,00000000,2,  ,2,2,F20BZML5    ,2,1,1,2013-11-10 15:31:03,0,4.128
WJG9NH8L    ,2013-11-10 14:37:45,2013-11-10 10:41:30,6800,J1C2,TF655A    ,0000,00000000,M898,B828,10301040409191    15,   1  4,03,63,6594,000236,UR1C0KA ,00000000,2,  ,2,2,F20DFCXG    ,2,1,1,2013-11-10 15:26:00,0,3.938
WJG9PWBL    ,2013-11-10 14:29:59,2013-11-10 10:41:29,6800,J1C2,TF6B5A    ,0000,00000000,M898,B828,10301440409191    10,  10  8,03,20,6594,000101,UR1C0KA ,00000000,4,  ,4,2,F20BRR71    ,2,1,2,2013-11-10 15:26:00,0,3.808
WJG9R2RL    ,2013-11-10 14:46:25,2013-11-10 10:41:29,6800,J1C2,TF655A    ,0000,00000000,M898,B828,103010A0A0D1D1    10,   0  0,03,20,6594,000103,UR1C0KA ,00000000,3,  ,2,2,F20DJS24    ,2,1,1,2013-11-10 15:26:00,0,4.082
WJG9R4YL    ,2013-11-10 14:32:54,2013-11-10 10:41:29,6800,J1C2,TF655A    ,0000,00000000,M898,B828,103010A0A0D1D1    10,   0  0,03,20,6594,000023,UR1C0KA ,00000000,3,  ,2,2,F20C25XZ    ,2,1,1,2013-11-10 15:26:00,0,3.857
WJG9R77L    ,2013-11-10 14:36:41,2013-11-10 10:41:29,6800,J1C2,TF655A    ,0000,00000000,M898,B828,10301040409191    10,   0  0,03,20,6594,000047,UR1C0KA ,00000000,3,  ,2,2,F20BEMY9    ,2,1,1,2013-11-10 15:26:00,0,3.920
WJGA202L    ,2013-11-10 14:27:56,2013-11-10 10:41:29,6800,J1C2,TF6B5A    ,0000,00000000,M898,B828,10301440409191    10,  10  8,03,20,6594,000014,UR1C0KA ,00000000,3,  ,2,2,F20CGPTG    ,2,1,1,2013-11-10 15:26:00,0,3.774
WJGA23ML    ,2013-11-10 14:39:53,2013-11-10 10:41:30,6800,J1C2,TF6B5A    ,0000,00000000,M898,B828,10301040409191    10,   0  0,03,20,6594,000225,UR1C0KA ,00000000,3,  ,4,2,F20D1KM0    ,2,1,2,2013-11-10 15:26:00,0,3.973
WJGA273L    ,2013-11-10 14:33:48,2013-11-10 10:41:29,6800,J1C2,TF655A    ,0000,00000000,M898,B828,103014A0A0D1D1    10,  10  8,03,20,6594,000013,UR1C0KA ,00000000,3,  ,2,2,F20DHF3C    ,2,1,1,2013-11-10 15:26:00,0,3.872
WJGA287L    ,2013-11-10 14:38:35,2013-11-10 10:41:29,6800,J1C2,TF655A    ,0000,00000000,M898,B828,10301040409191    15,   1 15,03,63,6594,000199,UR1C0KA ,00000000,3,  ,6,2,F20E5BF9    ,2,2,2,2013-11-10 15:26:00,0,3.952
WJGA2EML    ,2013-11-10 14:34:59,2013-11-10 10:41:29,6800,J1C2,TF655A    ,0000,00000000,M898,B828,103010A0A0D1D1    15,   1  4,03,20,6594,000125,UR1C0KA ,00000000,3,  ,4,2,F20DJSRK    ,2,1,2,2013-11-10 15:26:00,0,3.892
WJGA2HYL    ,2013-11-10 14:09:42,2013-11-10 10:41:29,6800,J1C2,TF6B5A    ,0000,00000000,M898,B828,10301040409191    10,   0 11,03,63,6594,000010,UR1C0KA ,00000000,3,  ,6,2,F20BZMVW    ,2,2,2,2013-11-10 14:42:32,0,3.470
WJGA2TNL    ,2013-11-10 14:19:42,2013-11-10 10:41:29,6800,J1C2,TF6B5A    ,0000,00000000,M898,B828,103010A0A0D1D1    10,   0  0,03,20,6594,000048,UR1C0KA ,00000000,3,  ,2,2,F20DJRYD    ,2,1,1,2013-11-10 15:26:00,0,3.637
WJGA2XGL    ,2013-11-10 14:47:33,2013-11-10 10:41:29,6800,J1C2,TF655A    ,0000,00000000,M898,B828,10301040409191    15,   1 15,03,63,6594,000165,UR1C0KA ,00000000,3,  ,6,2,F20BZM9A    ,2,2,2,2013-11-10 15:31:03,0,4.101
WJGA3EZL    ,2013-11-10 14:26:06,2013-11-10 10:41:29,6800,J1C2,TF6B5A    ,0000,00000000,M898,B828,103010A0A0D1D1    10,   0  0,03,20,6594,000120,UR1C0KA ,00000000,3,  ,2,2,F20C247Q    ,2,1,1,2013-11-10 15:26:00,0,3.744
WJGA3SML    ,2013-11-10 14:33:08,2013-11-10 10:41:29,6800,J1C2,TF655A    ,0000,00000000,M898,B828,103014A0A0D1D1    10,  10  8,03,20,6594,000029,UR1C0KA ,00000000,3,  ,2,2,F20DDQC2    ,2,1,1,2013-11-10 15:26:00,0,3.861
WJGA65YL    ,2013-11-10 14:38:21,2013-11-10 10:41:29,6800,J1C2,TF655A    ,0000,00000000,M898,B828,10301040409191    15,   1  4,03,20,6594,000112,UR1C0KA ,00000000,2,  ,2,2,F20DJF28    ,2,1,1,2013-11-10 15:26:00,0,3.948
WJGA6PWL    ,2013-11-10 14:42:22,2013-11-10 10:41:30,6800,J1C2,TF655A    ,0000,00000000,M898,B828,10301040409191    10,   0  0,03,20,6594,000238,UR1C0KA ,00000000,3,  ,2,2,F20C0Y07    ,2,1,1,2013-11-10 15:26:00,0,4.014
WJGA6TVL    ,2013-11-10 14:36:43,2013-11-10 10:41:29,6800,J1C2,TF655A    ,0000,00000000,M898,B828,10301040409191    10,   0  0,03,63,6594,000067,UR1C0KA ,00000000,2,  ,2,2,F20BZM6T    ,2,1,1,2013-11-10 15:26:00,0,3.921
WJGA6U1L    ,2013-11-10 14:46:08,2013-11-10 10:41:29,6800,J1C2,TF655A    ,0000,00000000,M898,B828,103010A0A0D1D1    10,   0  0,03,63,6594,000065,UR1C0KA ,00000000,2,  ,2,2,F20C0HP2    ,2,1,1,2013-11-10 15:26:00,0,4.078
WJGA6U2L    ,2013-11-10 14:21:31,2013-11-10 10:41:29,6800,J1C2,TF655A    ,0000,00000000,M898,B828,10301040409191    10,   0  0,03,63,6594,000097,UR1C0KA ,00000000,3,  ,2,2,F20C07VZ    ,2,1,1,2013-11-10 15:26:00,0,3.667
WJGA6U4L    ,2013-11-10 14:46:43,2013-11-10 10:41:29,6800,J1C2,TF655A    ,0000,00000000,M898,B828,103010A0A0D1D1    10,   0  0,03,63,6594,000068,UR1C0KA ,00000000,2,  ,2,2,F20DG9W3    ,2,1,1,2013-11-10 15:26:00,0,4.087
WJGA6U6L    ,2013-11-10 14:39:14,2013-11-10 10:41:29,6800,J1C2,TF655A    ,0000,00000000,M898,B828,103010A0A0D1D1    10,   0  0,03,63,6594,000081,UR1C0KA ,00000000,2,  ,2,2,F20C0CVN    ,2,1,1,2013-11-10 15:26:00,0,3.962
WJGA6U9L    ,2013-11-10 14:47:55,2013-11-10 10:41:29,6800,J1C2,TF655A    ,0000,00000000,M898,B828,103010A0A0D1D1    10,   0  0,03,63,6594,000091,UR1C0KA ,00000000,2,  ,2,2,F20C0F7H    ,2,1,1,2013-11-10 15:31:03,0,4.107
WJGA6UBL    ,2013-11-10 14:42:23,2013-11-10 10:41:29,6800,J1C2,TF655A    ,0000,00000000,M898,B828,103010A0A0D1D1    10,   0  0,03,63,6594,000084,UR1C0KA ,00000000,2,  ,2,2,F20E53PM    ,2,1,1,2013-11-10 15:26:00,0,4.015
WJGA6UEL    ,2013-11-10 14:47:33,2013-11-10 10:41:29,6800,J1C2,TF655A    ,0000,00000000,M898,B828,103010A0A0D1D1    10,   0  0,03,63,6594,000057,UR1C0KA ,00000000,2,  ,2,2,F20E5ZJD    ,2,1,1,2013-11-10 15:31:03,0,4.101
WJGA6UJL    ,2013-11-10 14:45:56,2013-11-10 10:41:29,6800,J1C2,TF655A    ,0000,00000000,M898,B828,103010A0A0D1D1    15,   1  4,03,63,6594,000166,UR1C0KA ,00000000,2,  ,2,2,F20DGFLR    ,2,1,1,2013-11-10 15:26:00,0,4.074
WJG1A8XL    ,2013-11-10 14:39:58,2013-11-10 10:41:29,6800,J1C2,TF655A    ,0000,00000000,M898,B828,10301040409191    15,   1 15,10,28,6594,000054,UR1C0KA ,00000000,5,  ,6,2,A35QG42L    ,2,2,1,2013-11-10 15:26:00,0,3.975
WJG1ADXL    ,2013-11-10 14:47:09,2013-11-10 10:41:29,6800,J1C2,TF655A    ,0000,00000000,M898,B828,10301040409191    10,   0 11,04,65,6594,000064,UR1C0KA ,00000000,5,  ,6,2,F20CFRSV    ,2,2,3,2013-11-10 15:31:03,0,4.094
WJG2VM8L    ,2013-11-10 14:11:47,2013-11-10 10:41:29,6800,J1C2,TF6B5A    ,0000,00000000,M898,B828,10301040409191    10,   0  0,10,63,6594,000071,UR1C0KA ,00000000,4,  ,4,2,F20AR52H    ,2,1,2,2013-11-10 14:42:32,0,3.505
WJG2VPDL    ,2013-11-10 14:29:28,2013-11-10 10:41:29,6800,J1C2,TF655A    ,0000,00000000,M898,B828,10301040409191    10,   0  0,10,63,6594,000069,UR1C0KA ,00000000,4,  ,4,2,F20BD6QE    ,2,1,2,2013-11-10 15:26:00,0,3.800
WJG2VR8L    ,2013-11-10 14:33:51,2013-11-10 10:41:29,6800,J1C2,TF655A    ,0000,00000000,M898,B828,10301040409191    10,   0  0,10,63,6594,000062,UR1C0KA ,00000000,3,  ,2,2,F20B9XRW    ,2,1,1,2013-11-10 15:26:00,0,3.873
WJG2VWJL    ,2013-11-10 14:31:05,2013-11-10 10:41:29,6800,J1C2,TF655A    ,0000,00000000,M898,B828,10301440409191    15,  11  C,05,23,6594,000072,UR1C0KA ,00000000,4,  ,2,2,A36LCVT1    ,2,1,1,2013-11-10 15:26:00,0,3.827
WJG2VWZL    ,2013-11-10 14:28:32,2013-11-10 10:41:29,6800,J1C2,TF655A    ,0000,00000000,M898,B828,10301440409191    10,  10  8,05,23,6594,000061,UR1C0KA ,00000000,4,  ,4,2,A35PLVNF    ,2,1,2,2013-11-10 15:26:00,0,3.784
WJG2VXHL    ,2013-11-10 14:46:13,2013-11-10 10:41:29,6800,J1C2,TF655A    ,0000,00000000,M898,B828,10301440409191    10,  10  8,05,23,6594,000063,UR1C0KA ,00000000,4,  ,2,2,F20CLTKV    ,2,1,1,2013-11-10 15:26:00,0,4.079
WJG2VYKL    ,2013-11-10 14:35:52,2013-11-10 10:41:29,6800,J1C2,TF655A    ,0000,00000000,M898,B828,10301040409191    10,   0  0,05,23,6594,000056,UR1C0KA ,00000000,4,  ,4,2,F20CKAZW    ,2,1,2,2013-11-10 15:26:00,0,3.906
WJG6BS1L    ,2013-11-10 14:35:49,2013-11-10 10:41:29,6800,J1C2,TF655A    ,0000,00000000,M898,B828,10301040409191    10,  10 19,03,63,6594,000162,UR1C0KA ,00000000,4,  ,6,2,F20C29NG    ,2,2,3,2013-11-10 15:26:00,0,3.906
WJG7LL8L    ,2013-11-10 14:42:05,2013-11-10 10:41:29,6800,J1C2,TF655A    ,0000,00000000,M898,B828,10301440409191    10,  10  8,05,65,6594,000025,UR1C0KA ,00000000,4,  ,4,2,A34YPTC2    ,2,1,3,2013-11-10 15:26:00,0,4.010
WJG7UXEL    ,2013-11-10 14:48:28,2013-11-10 10:41:30,6800,J1C2,TF655A    ,0000,00000000,M898,B828,10301040409191    10,   0  0,04,28,6594,000228,UR1C0KA ,00000000,4,  ,4,2,F20D41AF    ,2,1,3,2013-11-10 15:31:03,0,4.116
WJG8UJYL    ,2013-11-10 14:28:10,2013-11-10 10:41:29,6800,J1C2,TF655A    ,0000,00000000,M898,B828,10301040409191    10,  10 19,03,63,6594,000051,UR1C0KA ,00000000,5,  ,6,2,F20DHWKL    ,2,2,3,2013-11-10 15:26:00,0,3.778
WJG92RBL    ,2013-11-10 14:33:40,2013-11-10 10:41:30,6800,J1C2,TF655A    ,0000,00000000,M898,B828,10301040409191    10,   0  0,09,55,6594,000226,UR1C0KA ,00000000,4,  ,6,2,F20DC8YC    ,2,1,3,2013-11-10 15:26:00,0,3.869
WJG95M0L    ,2013-11-10 14:43:56,2013-11-10 10:41:29,6800,J1C2,TF655A    ,0000,00000000,M898,B828,10301040409191    10,  10 19,03,63,6594,000020,UR1C0KA ,00000000,5,  ,6,2,F20C16FA    ,2,2,3,2013-11-10 15:26:00,0,4.041
WJG96WEL    ,2013-11-10 14:21:53,2013-11-10 10:41:29,6800,J1C2,TF655A    ,0000,00000000,M898,B828,10301040409191    10,  10 19,03,63,6594,000153,UR1C0KA ,00000000,5,  ,6,2,F20C1AC7    ,2,2,3,2013-11-10 15:26:00,0,3.673
WJG97DSL    ,2013-11-10 14:33:26,2013-11-10 10:41:29,6800,J1C2,TF655A    ,0000,00000000,M898,B828,10301040409191    10,  10 19,03,63,6594,000059,UR1C0KA ,00000000,5,  ,6,2,F20BZGPD    ,2,3,4,2013-11-10 15:26:00,0,3.866
WJG97RGL    ,2013-11-10 14:31:30,2013-11-10 10:41:29,6800,J1C2,TF655A    ,0000,00000000,M898,B828,103010A0A0D1D1    10,   0 11,03,65,6594,000209,UR1C0KA ,00000000,4,  ,6,2,F20C31Y6    ,2,2,3,2013-11-10 15:26:00,0,3.834
WJG97W0L    ,2013-11-10 14:39:53,2013-11-10 10:41:30,6800,J1C2,TF655A    ,0000,00000000,M898,B828,10301540409191    10,  10  8,03,20,6594,000219,UR1C0KA ,00000000,3,  ,4,2,F20C9P2G    ,2,1,2,2013-11-10 15:26:00,0,3.973
WJG97W1L    ,2013-11-10 14:48:13,2013-11-10 10:41:29,6800,J1C2,TF655A    ,0000,00000000,M898,B828,10301040409191    10,  10 19,03,63,6594,000105,UR1C0KA ,00000000,3,  ,6,2,F20C295D    ,2,2,2,2013-11-10 15:31:03,0,4.112
WJG97WPL    ,2013-11-10 14:45:26,2013-11-10 10:41:29,6800,J1C2,TF655A    ,0000,00000000,M898,B828,10301440409191    10,  10  8,03,13,6594,000050,UR1C0KA ,00000000,3,  ,4,2,F20BSD4V    ,2,1,2,2013-11-10 15:26:00,0,4.066
WJG9HZWL    ,2013-11-10 14:46:17,2013-11-10 10:41:29,6800,J1C2,TF655A    ,0000,00000000,M898,B828,10301040409191    10,  10 19,03,63,6594,000019,UR1C0KA ,00000000,5,  ,6,2,F20BZMZQ    ,2,2,3,2013-11-10 15:26:00,0,4.080
WJG9J08L    ,2013-11-10 14:40:24,2013-11-10 10:41:29,6800,J1C2,TF655A    ,0000,00000000,M898,B828,10301040409191    10,  10 19,03,63,6594,000188,UR1C0KA ,00000000,4,  ,6,2,F20DGH87    ,2,2,3,2013-11-10 15:26:00,0,3.982
WJG9J24L    ,2013-11-10 14:43:40,2013-11-10 10:41:29,6800,J1C2,TF655A    ,0000,00000000,M898,B828,10301440409191    10,  10  8,10,13,6594,000187,UR1C0KA ,00000000,3,  ,4,2,F20BQF6B    ,2,1,2,2013-11-10 15:26:00,0,4.036
WJG9N2DL    ,2013-11-10 14:34:00,2013-11-10 10:41:29,6800,J1C2,TF655A    ,0000,00000000,M898,B828,10301040409191    10,  10 19,03,65,6594,000008,UR1C0KA ,00000000,4,  ,6,2,F20BFCVN    ,2,2,2,2013-11-10 15:26:00,0,3.875
WJG9N3KL    ,2013-11-10 14:45:24,2013-11-10 10:41:29,6800,J1C2,TF655A    ,0000,00000000,M898,B828,10301440409191    10,  10  8,10,13,6594,000079,UR1C0KA ,00000000,4,  ,4,2,F20DBZTT    ,2,1,2,2013-11-10 15:26:00,0,4.065
WJG9N6EL    ,2013-11-10 14:13:14,2013-11-10 10:41:29,6800,J1C2,TF6B5A    ,0000,00000000,M898,B828,15301540409191    10,  10  8,03,04,6594,000007,UR1C0KA ,00000000,4,  ,4,2,A36QFR21    ,2,1,2,2013-11-10 14:42:32,0,3.529
WJG9N8WL    ,2013-11-10 14:42:34,2013-11-10 10:41:29,6800,J1C2,TF655A    ,0000,00000000,M898,B828,10301040409191    10,  10 19,03,63,6594,000164,UR1C0KA ,00000000,3,  ,6,2,F20BZT9H    ,2,2,2,2013-11-10 15:26:00,0,4.018
WJGA731L    ,2013-11-10 14:47:12,2013-11-10 10:41:29,6800,J1C2,TF655A    ,0000,00000000,M898,B828,10301040409191    10,   0  0,03,63,6594,000191,UR1C0KA ,00000000,2,  ,2,2,F20BZP18    ,2,1,1,2013-11-10 15:31:03,0,4.095
WJGA732L    ,2013-11-10 14:43:03,2013-11-10 10:41:29,6800,J1C2,TF655A    ,0000,00000000,M898,B828,10301040409191    10,   0  0,03,63,6594,000192,UR1C0KA ,00000000,2,  ,2,2,F20BZVL0    ,2,1,1,2013-11-10 15:26:00,0,4.026
WJGA740L    ,2013-11-10 14:46:59,2013-11-10 10:41:30,6800,J1C2,TF655A    ,0000,00000000,M898,B828,10301540409191    15,  11  C,03,63,6594,000214,UR1C0KA ,00000000,2,  ,2,2,A36QFQJ9    ,2,1,1,2013-11-10 15:31:03,0,4.091
WJGA77WL    ,2013-11-10 14:41:08,2013-11-10 10:41:30,6800,J1C2,TF655A    ,0000,00000000,M898,B828,103010A0A0D1D1    10,   0  0,03,20,6594,000224,UR1C0KA ,00000000,3,  ,2,2,F20C2864    ,2,1,1,2013-11-10 15:26:00,0,3.994
WJGA78ZL    ,2013-11-10 14:38:55,2013-11-10 10:41:29,6800,J1C2,TF655A    ,0000,00000000,M898,B828,10301040409191    10,   0  0,03,20,6594,000078,UR1C0KA ,00000000,3,  ,2,2,F20C27DQ    ,2,1,1,2013-11-10 15:26:00,0,3.957
WJGA7JVL    ,2013-11-10 14:39:11,2013-11-10 10:41:30,6800,J1C2,TF655A    ,0000,00000000,M898,B828,10301040409191    15,   1  4,03,20,6594,000215,UR1C0KA ,00000000,3,  ,4,2,F20DCVL9    ,2,1,2,2013-11-10 15:26:00,0,3.961
WJGA7LWL    ,2013-11-10 14:30:22,2013-11-10 10:41:29,6800,J1C2,TF655A    ,0000,00000000,M898,B828,10301040409191    10,   0  0,03,20,6594,000043,UR1C0KA ,00000000,3,  ,4,2,F20C07D5    ,2,1,2,2013-11-10 15:26:00,0,3.815
WJGA7TML    ,2013-11-10 14:50:47,2013-11-10 10:41:29,6800,J1C2,TF655A    ,0000,00000000,M898,B828,10301040409191    15,   1 15,03,63,6594,000182,UR1C0KA ,00000000,3,  ,6,2,F20C1HBJ    ,2,2,1,2013-11-10 15:31:03,0,4.155
WJGA85DL    ,2013-11-10 13:52:47,2013-11-10 10:41:29,6800,J1C2,TF6B5A    ,0000,00000000,M898,B828,10301040409191    10,   0  0,03,20,6594,000046,UR1C0KA ,00000000,3,  ,2,2,F20E64FS    ,2,1,1,2013-11-10 14:42:32,0,3.188
WJGAHSUL    ,2013-11-10 14:49:55,2013-11-10 10:41:30,6800,J1C2,TF655A    ,0000,00000000,M898,B828,103010A0A0D1D1    10,   0  0,05,63,6594,000231,UR1C0KA ,00000000,3,  ,2,2,F20BZDY3    ,2,1,1,2013-11-10 15:31:03,0,4.140
WJGAHT9L    ,2013-11-10 14:41:11,2013-11-10 10:41:29,6800,J1C2,TF655A    ,0000,00000000,M898,B828,103010A0A0D1D1    10,   0  0,05,63,6594,000148,UR1C0KA ,00000000,2,  ,2,2,F20BZQ9G    ,2,1,1,2013-11-10 15:26:00,0,3.995
WJGAHVSL    ,2013-11-10 14:38:07,2013-11-10 10:41:29,6800,J1C2,TF655A    ,0000,00000000,M898,B828,103010A0A0D1D1    10,   0  0,05,63,6594,000193,UR1C0KA ,00000000,2,  ,2,2,F20E5ASD    ,2,1,1,2013-11-10 15:26:00,0,3.944
WJGAHVVL    ,2013-11-10 14:43:39,2013-11-10 10:41:29,6800,J1C2,TF655A    ,0000,00000000,M898,B828,103010A0A0D1D1    10,   0  0,05,63,6594,000179,UR1C0KA ,00000000,2,  ,2,2,F20C2D7E    ,2,1,1,2013-11-10 15:26:00,0,4.036
WJGAHX9L    ,2013-11-10 14:42:16,2013-11-10 10:41:29,6800,J1C2,TF655A    ,0000,00000000,M898,B828,103010A0A0D1D1    10,   0  0,05,63,6594,000171,UR1C0KA ,00000000,2,  ,2,2,F20C0AQ0    ,2,1,1,2013-11-10 15:26:00,0,4.013
WJGAJ80L    ,2013-11-10 14:40:36,2013-11-10 10:41:29,6800,J1C2,TF655A    ,0000,00000000,M898,B828,103010A0A0D1D1    10,   0  0,05,63,6594,000086,UR1C0KA ,00000000,2,  ,2,2,F20C2D1B    ,2,1,1,2013-11-10 15:26:00,0,3.985
WJGAJE1L    ,2013-11-10 14:33:47,2013-11-10 10:41:29,6800,J1C2,TF655A    ,0000,00000000,M898,B828,153010A0A0D1D1    10,  10  8,05,63,6594,000049,UR1C0KA ,00000000,2,  ,2,2,F20DESNQ    ,2,1,1,2013-11-10 15:26:00,0,3.872
WJGAJEUL    ,2013-11-10 14:45:16,2013-11-10 10:41:30,6800,J1C2,TF655A    ,0000,00000000,M898,B828,153010A0A0D1D1    10,  10  8,05,63,6594,000218,UR1C0KA ,00000000,2,  ,2,2,F20E5WJ7    ,2,1,1,2013-11-10 15:26:00,0,4.063
WJGAM5BL    ,2013-11-10 14:46:45,2013-11-10 10:41:29,6800,J1C2,TF655A    ,0000,00000000,M898,B828,10301040409191    10,   0  0,03,63,6594,000156,UR1C0KA ,00000000,2,  ,2,2,F20BZAJJ    ,2,1,1,2013-11-10 15:26:00,0,4.088
WJGAM63L    ,2013-11-10 14:29:57,2013-11-10 10:41:29,6800,J1C2,TF655A    ,0000,00000000,M898,B828,10301040409191    10,   0  0,03,63,6594,000123,UR1C0KA ,00000000,2,  ,2,2,F20BZG6E    ,2,1,1,2013-11-10 15:26:00,0,3.808
WJGAM64L    ,2013-11-10 14:48:21,2013-11-10 10:41:29,6800,J1C2,TF655A    ,0000,00000000,M898,B828,10301040409191    10,   0  0,03,63,6594,000177,UR1C0KA ,00000000,2,  ,2,2,F20BZMEG    ,2,1,1,2013-11-10 15:31:03,0,4.114
WJGAM65L    ,2013-11-10 14:45:36,2013-11-10 10:41:29,6800,J1C2,TF655A    ,0000,00000000,M898,B828,10301040409191    10,   0  0,03,63,6594,000115,UR1C0KA ,00000000,2,  ,2,2,F20BZCQW    ,2,1,1,2013-11-10 15:26:00,0,4.069
WJGAM66L    ,2013-11-10 14:43:25,2013-11-10 10:41:29,6800,J1C2,TF655A    ,0000,00000000,M898,B828,10301040409191    10,   0  0,03,63,6594,000154,UR1C0KA ,00000000,2,  ,2,2,F20BZ08K    ,2,1,1,2013-11-10 15:26:00,0,4.032
WJGAM6BL    ,2013-11-10 14:51:44,2013-11-10 10:41:29,6800,J1C2,TF655A    ,0000,00000000,M898,B828,10301040409191    10,   0  0,03,63,6594,000035,UR1C0KA ,00000000,2,  ,2,2,F20C1FPM    ,2,1,1,2013-11-10 15:31:03,0,4.171
WJGAM6DL    ,2013-11-10 14:37:52,2013-11-10 10:41:29,6800,J1C2,TF655A    ,0000,00000000,M898,B828,10301040409191    10,   0  0,03,63,6594,000201,UR1C0KA ,00000000,2,  ,2,2,F20C1G8F    ,2,1,1,2013-11-10 15:26:00,0,3.940
WJGAM6EL    ,2013-11-10 14:51:53,2013-11-10 10:41:29,6800,J1C2,TF655A    ,0000,00000000,M898,B828,10301040409191    10,   0  0,03,63,6594,000042,UR1C0KA ,00000000,2,  ,2,2,F20C197B    ,2,1,1,2013-11-10 15:31:03,0,4.173
WJGAM6GL    ,2013-11-10 14:49:28,2013-11-10 10:41:30,6800,J1C2,TF655A    ,0000,00000000,M898,B828,10301040409191    10,   0  0,03,63,6594,000220,UR1C0KA ,00000000,2,  ,2,2,F20BZMKD    ,2,1,1,2013-11-10 15:31:03,0,4.133
WJGAM6UL    ,2013-11-10 14:44:51,2013-11-10 10:41:29,6800,J1C2,TF655A    ,0000,00000000,M898,B828,10301040409191    10,   0  0,03,63,6594,000132,UR1C0KA ,00000000,2,  ,2,2,F20DHQD7    ,2,1,1,2013-11-10 15:26:00,0,4.056
WJGAM6VL    ,2013-11-10 14:45:24,2013-11-10 10:41:29,6800,J1C2,TF655A    ,0000,00000000,M898,B828,10301040409191    10,   0  0,03,63,6594,000130,UR1C0KA ,00000000,2,  ,2,2,F20DJGXY    ,2,1,1,2013-11-10 15:26:00,0,4.065
WJGA6ULL    ,2013-11-10 14:44:53,2013-11-10 10:41:29,6800,J1C2,TF655A    ,0000,00000000,M898,B828,103010A0A0D1D1    10,   0  0,03,63,6594,000075,UR1C0KA ,00000000,2,  ,2,2,F20E5YW4    ,2,1,1,2013-11-10 15:26:00,0,4.057
WJGA6UNL    ,2013-11-10 14:22:27,2013-11-10 10:41:29,6800,J1C2,TF6B5A    ,0000,00000000,M898,B828,103010A0A0D1D1    10,   0  0,03,63,6594,000074,UR1C0KA ,00000000,2,  ,2,2,F20E5V75    ,2,1,1,2013-11-10 15:26:00,0,3.683
WJGA6UPL    ,2013-11-10 14:43:27,2013-11-10 10:41:29,6800,J1C2,TF655A    ,0000,00000000,M898,B828,103010A0A0D1D1    10,   0  0,03,63,6594,000089,UR1C0KA ,00000000,2,  ,2,2,F20C0HNB    ,2,1,1,2013-11-10 15:26:00,0,4.033
WJGA6URL    ,2013-11-10 14:48:04,2013-11-10 10:41:29,6800,J1C2,TF655A    ,0000,00000000,M898,B828,103010A0A0D1D1    15,   1  4,03,63,6594,000168,UR1C0KA ,00000000,2,  ,2,2,F20E5RAE    ,2,1,1,2013-11-10 15:31:03,0,4.110
WJGA6UXL    ,2013-11-10 14:45:39,2013-11-10 10:41:29,6800,J1C2,TF655A    ,0000,00000000,M898,B828,103010A0A0D1D1    10,   0  0,03,63,6594,000011,UR1C0KA ,00000000,2,  ,2,2,F20E5YTK    ,2,1,1,2013-11-10 15:26:00,0,4.069
WJGA6VLL    ,2013-11-10 14:39:16,2013-11-10 10:41:29,6800,J1C2,TF655A    ,0000,00000000,M898,B828,103010A0A0D1D1    15,   1  4,03,63,6594,000135,UR1C0KA ,00000000,2,  ,2,2,F20BZ5JS    ,2,1,1,2013-11-10 15:26:00,0,3.963
WJGA6VSL    ,2013-11-10 14:45:32,2013-11-10 10:41:29,6800,J1C2,TF655A    ,0000,00000000,M898,B828,103010A0A0D1D1    10,   0  0,03,63,6594,000076,UR1C0KA ,00000000,2,  ,2,2,F20E5Y34    ,2,1,1,2013-11-10 15:26:00,0,4.068
WJGA6VUL    ,2013-11-10 14:46:22,2013-11-10 10:41:29,6800,J1C2,TF655A    ,0000,00000000,M898,B828,103010A0A0D1D1    15,   1  4,03,63,6594,000159,UR1C0KA ,00000000,2,  ,2,2,F20E5X0H    ,2,1,1,2013-11-10 15:26:00,0,4.081
WJGA6WZL    ,2013-11-10 14:53:10,2013-11-10 10:41:30,6800,J1C2,TF655A    ,0000,00000000,M898,B828,103010A0A0D1D1    15,   1  4,03,63,6594,000234,UR1C0KA ,00000000,2,  ,2,2,F20DCV2B    ,2,1,1,2013-11-10 15:31:03,0,4.194
WJGA6XJL    ,2013-11-10 14:48:20,2013-11-10 10:41:29,6800,J1C2,TF650A    ,0000,00000000,M898,B828,10301540409191    10,  10  8,03,63,6594,000189,UR1C0KA ,00000000,2,  ,2,2,F20DDCF6    ,2,1,1,2013-11-10 15:31:03,0,4.114
WJGA6XKL    ,2013-11-10 14:32:56,2013-11-10 10:41:29,6800,J1C2,TF655A    ,0000,00000000,M898,B828,10301540409191    15,  11  C,03,63,6594,000207,UR1C0KA ,00000000,2,  ,2,2,F20BEZKG    ,2,1,1,2013-11-10 15:26:00,0,3.858
WJGA6XML    ,2013-11-10 14:48:45,2013-11-10 10:41:29,6800,J1C2,TF655A    ,0000,00000000,M898,B828,10301540409191    10,  10  8,03,63,6594,000200,UR1C0KA ,00000000,2,  ,2,2,F20BDYBC    ,2,1,1,2013-11-10 15:31:03,0,4.121
WJGA6Y9L    ,2013-11-10 14:31:56,2013-11-10 10:41:29,6800,J1C2,TF655A    ,0000,00000000,M898,B828,103015A0A0D1D1    10,  10  8,03,63,6594,000184,UR1C0KA ,00000000,2,  ,2,2,F20E5989    ,2,1,1,2013-11-10 15:26:00,0,3.841
WJGA6YDL    ,2013-11-10 14:40:28,2013-11-10 10:41:29,6800,J1C2,TF655A    ,0000,00000000,M898,B828,10301540409191    10,  10  8,03,63,6594,000197,UR1C0KA ,00000000,2,  ,2,2,F20DBEC0    ,2,1,1,2013-11-10 15:26:00,0,3.983
WJGA72ZL    ,2013-11-10 14:41:54,2013-11-10 10:41:29,6800,J1C2,TF655A    ,0000,00000000,M898,B828,10301040409191    10,   0  0,03,63,6594,000181,UR1C0KA ,00000000,2,  ,2,2,F20C2A56    ,2,1,1,2013-11-10 15:26:00,0,4.007
WJGA72VL    ,2013-11-10 14:34:00,2013-11-10 10:41:29,6800,J1C2,TF655A    ,0000,00000000,M898,B828,10301040409191    15,   1  4,03,63,6594,000152,UR1C0KA ,00000000,2,  ,2,2,F20C278G    ,2,1,1,2013-11-10 15:26:00,0,3.875
WJGA72PL    ,2013-11-10 14:40:33,2013-11-10 10:41:29,6800,J1C2,TF655A    ,0000,00000000,M898,B828,10301040409191    15,   1  4,03,63,6594,000149,UR1C0KA ,00000000,2,  ,2,2,F20C29B7    ,2,1,1,2013-11-10 15:26:00,0,3.984
WJGA72JL    ,2013-11-10 14:49:32,2013-11-10 10:41:30,6800,J1C2,TF655A    ,0000,00000000,M898,B828,10301040409191    15,   1  4,03,63,6594,000216,UR1C0KA ,00000000,2,  ,2,2,F20C06Y5    ,2,1,1,2013-11-10 15:31:03,0,4.134
WJGA729L    ,2013-11-10 14:50:18,2013-11-10 10:41:29,6800,J1C2,TF655A    ,0000,00000000,M898,B828,10301040409191    10,   0  0,03,63,6594,000198,UR1C0KA ,00000000,2,  ,2,2,F20C290Z    ,2,1,1,2013-11-10 15:31:03,0,4.147
WJGA71RL    ,2013-11-10 14:46:59,2013-11-10 10:41:29,6800,J1C2,TF655A    ,0000,00000000,M898,B828,10301540409191    15,  11  C,03,63,6594,000150,UR1C0KA ,00000000,2,  ,2,2,F20DED3A    ,2,1,1,2013-11-10 15:31:03,0,4.092
WJGA71PL    ,2013-11-10 14:40:59,2013-11-10 10:41:29,6800,J1C2,TF655A    ,0000,00000000,M898,B828,103015A0A0D1D1    15,  11  C,03,63,6594,000151,UR1C0KA ,00000000,2,  ,2,2,F20BZ7S1    ,2,1,1,2013-11-10 15:26:00,0,3.992
WJGA70YL    ,2013-11-10 14:26:42,2013-11-10 10:41:29,6800,J1C2,TF655A    ,0000,00000000,M898,B828,10301040409191    15,   1  4,03,63,6594,000143,UR1C0KA ,00000000,2,  ,2,2,F20C1HN8    ,2,1,1,2013-11-10 15:26:00,0,3.754
WJGA6YHL    ,2013-11-10 14:43:01,2013-11-10 10:41:29,6800,J1C2,TF655A    ,0000,00000000,M898,B828,103015A0A0D1D1    10,  10  8,03,63,6594,000183,UR1C0KA ,00000000,2,  ,2,2,F20BRTC9    ,2,1,1,2013-11-10 15:26:00,0,4.026
WJGA6YGL    ,2013-11-10 14:50:38,2013-11-10 10:41:29,6800,J1C2,TF655A    ,0000,00000000,M898,B828,103015A0A0D1D1    10,  10  8,03,63,6594,000190,UR1C0KA ,00000000,2,  ,2,2,F20BZE4Z    ,2,1,1,2013-11-10 15:31:03,0,4.152
WJGA6XVL    ,2013-11-10 14:48:57,2013-11-10 10:41:29,6800,J1C2,TF655A    ,7230,00000001,M898,B828,10301540409191    10,  10  8,03,63,6594,000176,UR1C0KA ,00000001,2,CH,2,2,F20DBZMP    ,2,1,1,2013-11-10 15:31:03,0,4.124
WJGA36ZL    ,2013-11-10 11:04:27,2013-11-10 10:41:30,6800,J1C2,TF655A    ,7334,00000002,M898,B828,10301040409191    10,   0  0,03,20,6594,000232,UR1C0KA ,00000002,3,CH,2,2,F20DGYBN    ,2,1,1,2013-11-10 14:06:28,0,0.382
WJGAM7BL    ,2013-11-10 11:48:56,2013-11-10 10:41:30,6800,J1C2,TF655A    ,829A,00000001,M898,B828,10301040409191    15,   1  4,03,63,6594,000233,UR1C0KA ,00000000,2,RF,2,2,F20C1HK1    ,2,1,1,2013-11-10 14:11:04,0,1.124
WJGA1XYL    ,2013-11-10 11:49:58,2013-11-10 10:41:29,6800,J1C2,TF655A    ,829A,00000002,M898,B828,10301040409191    10,   0  0,03,20,6594,000094,UR1C0KA ,00000000,3,RF,6,2,F20BGLSS    ,2,1,1,2013-11-10 14:11:04,0,1.141
WJG9NGSL    ,2013-11-10 11:49:40,2013-11-10 10:41:29,6800,J1C2,TF655A    ,829A,00000002,M898,B828,10301040409191    15,   1  4,03,63,6594,000003,UR1C0KA ,00000000,2,RF,2,2,F20BZMJG    ,2,1,1,2013-11-10 14:11:04,0,1.136
WJGAHT8L    ,2013-11-10 14:44:37,2013-11-10 10:41:29,6800,J1C2,TF655A    ,87C0,00000001,M898,B828,103010A0A0D1D1    10,   0  0,05,63,6594,000170,UR1C0KA ,00000000,2,XW,2,2,F20E5XT5    ,2,1,1,2013-11-10 15:26:00,0,4.052
WJGAJ2ZL    ,2013-11-10 14:15:37,2013-11-10 10:41:29,6800,J1C2,TF6B5A    ,87C0,00000001,M898,B828,103010A0A0D1D1    10,   0  0,05,63,6594,000104,UR1C0KA ,00000000,2,XW,2,2,F20C2ACC    ,2,1,1,2013-11-10 14:42:32,0,3.569
WJGAHVJL    ,2013-11-10 14:39:38,2013-11-10 10:41:29,6800,J1C2,TF655A    ,87C0,00000002,M898,B828,103010A0A0D1D1    10,   0  0,05,63,6594,000096,UR1C0KA ,00000000,2,XW,2,2,F20BZE7J    ,2,1,1,2013-11-10 15:26:00,0,3.969
WJGAMBVL    ,2013-11-10 10:58:59,2013-11-10 10:41:29,6800,J1C2,TF655A    ,87D6,00000001,M898,B828,10301040409191    10,   0  0,03,63,6594,000129,UR1C0KA ,00000001,2,CH,2,2,F20DG5M1    ,2,1,1,2013-11-10 14:06:28,0,0.292
